timestamp,enlace,potencia_dbm,trafego_mbps,estado
2026-03-01 00:00:00,OLT-CENTRO-01,-20.43,318.9,UP
2026-03-01 00:00:00,OLT-NORTE-02,-21.74,202.2,UP
2026-03-01 00:00:00,OLT-SUL-03,-21.93,211.9,UP
2026-03-01 00:00:00,OLT-LESTE-04,-23.12,136.2,UP
2026-03-01 00:00:00,OLT-OESTE-05,-19.67,183.1,UP
2026-03-01 01:00:00,OLT-CENTRO-01,-20.49,208.8,UP
2026-03-01 01:00:00,OLT-NORTE-02,-21.85,141.8,UP
2026-03-01 01:00:00,OLT-SUL-03,-22.17,172.5,UP
2026-03-01 01:00:00,OLT-LESTE-04,-23.39,114.2,UP
2026-03-01 01:00:00,OLT-OESTE-05,-19.39,123.7,UP
2026-03-01 02:00:00,OLT-CENTRO-01,-20.22,172.6,UP
2026-03-01 02:00:00,OLT-NORTE-02,-21.95,117.3,UP
2026-03-01 02:00:00,OLT-SUL-03,-22.04,112.0,UP
2026-03-01 02:00:00,OLT-LESTE-04,-23.39,78.6,UP
2026-03-01 02:00:00,OLT-OESTE-05,-19.72,93.6,UP
2026-03-01 03:00:00,OLT-CENTRO-01,-20.49,115.0,UP
2026-03-01 03:00:00,OLT-NORTE-02,-21.97,74.9,UP
2026-03-01 03:00:00,OLT-SUL-03,-21.76,98.7,UP
2026-03-01 03:00:00,OLT-LESTE-04,-23.58,62.9,UP
2026-03-01 03:00:00,OLT-OESTE-05,-19.41,70.2,UP
2026-03-01 04:00:00,OLT-CENTRO-01,-20.41,108.3,UP
2026-03-01 04:00:00,OLT-NORTE-02,-21.8,66.5,UP
2026-03-01 04:00:00,OLT-SUL-03,-22.09,73.8,UP
2026-03-01 04:00:00,OLT-LESTE-04,-23.63,50.8,UP
2026-03-01 04:00:00,OLT-OESTE-05,-19.56,58.1,UP
2026-03-01 05:00:00,OLT-CENTRO-01,-20.72,110.7,UP
2026-03-01 05:00:00,OLT-NORTE-02,-21.95,82.8,UP
2026-03-01 05:00:00,OLT-SUL-03,-22.28,93.8,UP
2026-03-01 05:00:00,OLT-LESTE-04,-23.6,57.6,UP
2026-03-01 05:00:00,OLT-OESTE-05,-19.67,63.8,UP
2026-03-01 06:00:00,OLT-CENTRO-01,-20.47,174.4,UP
2026-03-01 06:00:00,OLT-NORTE-02,-21.71,116.4,UP
2026-03-01 06:00:00,OLT-SUL-03,-21.71,128.4,UP
2026-03-01 06:00:00,OLT-LESTE-04,-23.33,88.5,UP
2026-03-01 06:00:00,OLT-OESTE-05,-19.55,103.7,UP
2026-03-01 07:00:00,OLT-CENTRO-01,-20.36,251.1,UP
2026-03-01 07:00:00,OLT-NORTE-02,-21.94,167.9,UP
2026-03-01 07:00:00,OLT-SUL-03,-22.06,192.0,UP
2026-03-01 07:00:00,OLT-LESTE-04,-23.55,133.8,UP
2026-03-01 07:00:00,OLT-OESTE-05,-19.74,157.4,UP
2026-03-01 08:00:00,OLT-CENTRO-01,-20.27,348.0,UP
2026-03-01 08:00:00,OLT-NORTE-02,-21.96,260.8,UP
2026-03-01 08:00:00,OLT-SUL-03,-22.03,289.6,UP
2026-03-01 08:00:00,OLT-LESTE-04,-23.23,161.4,UP
2026-03-01 08:00:00,OLT-OESTE-05,-19.3,208.0,UP
2026-03-01 09:00:00,OLT-CENTRO-01,-20.55,393.7,UP
2026-03-01 09:00:00,OLT-NORTE-02,-21.93,278.9,UP
2026-03-01 09:00:00,OLT-SUL-03,-21.86,298.2,UP
2026-03-01 09:00:00,OLT-LESTE-04,-23.26,174.6,UP
2026-03-01 09:00:00,OLT-OESTE-05,-19.47,216.7,UP
2026-03-01 10:00:00,OLT-CENTRO-01,-20.29,419.2,UP
2026-03-01 10:00:00,OLT-NORTE-02,-21.54,304.4,UP
2026-03-01 10:00:00,OLT-SUL-03,-22.24,307.5,UP
2026-03-01 10:00:00,OLT-LESTE-04,-23.35,195.7,UP
2026-03-01 10:00:00,OLT-OESTE-05,-19.73,238.4,UP
2026-03-01 11:00:00,OLT-CENTRO-01,-20.38,501.1,UP
2026-03-01 11:00:00,OLT-NORTE-02,-21.89,313.8,UP
2026-03-01 11:00:00,OLT-SUL-03,-21.85,338.5,UP
2026-03-01 11:00:00,OLT-LESTE-04,-23.49,251.9,UP
2026-03-01 11:00:00,OLT-OESTE-05,-19.72,249.5,UP
2026-03-01 12:00:00,OLT-CENTRO-01,-20.44,541.1,UP
2026-03-01 12:00:00,OLT-NORTE-02,-21.7,341.8,UP
2026-03-01 12:00:00,OLT-SUL-03,-21.86,377.9,UP
2026-03-01 12:00:00,OLT-LESTE-04,-23.2,233.1,UP
2026-03-01 12:00:00,OLT-OESTE-05,-19.77,268.0,UP
2026-03-01 13:00:00,OLT-CENTRO-01,-20.44,468.8,UP
2026-03-01 13:00:00,OLT-NORTE-02,-22.01,334.6,UP
2026-03-01 13:00:00,OLT-SUL-03,-22.0,343.1,UP
2026-03-01 13:00:00,OLT-LESTE-04,-23.16,208.5,UP
2026-03-01 13:00:00,OLT-OESTE-05,-19.68,296.9,UP
2026-03-01 14:00:00,OLT-CENTRO-01,-20.41,503.8,UP
2026-03-01 14:00:00,OLT-NORTE-02,-21.64,350.1,UP
2026-03-01 14:00:00,OLT-SUL-03,-21.94,392.7,UP
2026-03-01 14:00:00,OLT-LESTE-04,-23.34,228.0,UP
2026-03-01 14:00:00,OLT-OESTE-05,-19.4,296.5,UP
2026-03-01 15:00:00,OLT-CENTRO-01,-20.53,563.7,UP
2026-03-01 15:00:00,OLT-NORTE-02,-21.78,324.0,UP
2026-03-01 15:00:00,OLT-SUL-03,-22.3,394.0,UP
2026-03-01 15:00:00,OLT-LESTE-04,-23.29,240.1,UP
2026-03-01 15:00:00,OLT-OESTE-05,-19.44,277.7,UP
2026-03-01 16:00:00,OLT-CENTRO-01,-20.25,611.4,UP
2026-03-01 16:00:00,OLT-NORTE-02,-21.81,378.0,UP
2026-03-01 16:00:00,OLT-SUL-03,-21.81,437.7,UP
2026-03-01 16:00:00,OLT-LESTE-04,-23.51,279.2,UP
2026-03-01 16:00:00,OLT-OESTE-05,-19.63,329.5,UP
2026-03-01 17:00:00,OLT-CENTRO-01,-20.32,618.9,UP
2026-03-01 17:00:00,OLT-NORTE-02,-21.81,385.2,UP
2026-03-01 17:00:00,OLT-SUL-03,-22.11,430.9,UP
2026-03-01 17:00:00,OLT-LESTE-04,-23.59,278.9,UP
2026-03-01 17:00:00,OLT-OESTE-05,-19.69,340.0,UP
2026-03-01 18:00:00,OLT-CENTRO-01,-20.42,712.5,UP
2026-03-01 18:00:00,OLT-NORTE-02,-21.84,502.0,UP
2026-03-01 18:00:00,OLT-SUL-03,-21.98,536.0,UP
2026-03-01 18:00:00,OLT-LESTE-04,-23.3,351.2,UP
2026-03-01 18:00:00,OLT-OESTE-05,-19.66,408.4,UP
2026-03-01 19:00:00,OLT-CENTRO-01,-20.43,810.8,UP
2026-03-01 19:00:00,OLT-NORTE-02,-21.79,576.2,UP
2026-03-01 19:00:00,OLT-SUL-03,-21.71,624.1,UP
2026-03-01 19:00:00,OLT-LESTE-04,-23.23,385.3,UP
2026-03-01 19:00:00,OLT-OESTE-05,-19.4,486.5,UP
2026-03-01 20:00:00,OLT-CENTRO-01,-20.61,886.9,UP
2026-03-01 20:00:00,OLT-NORTE-02,-22.01,544.8,UP
2026-03-01 20:00:00,OLT-SUL-03,-22.26,685.7,UP
2026-03-01 20:00:00,OLT-LESTE-04,-23.3,369.1,UP
2026-03-01 20:00:00,OLT-OESTE-05,-19.54,522.9,UP
2026-03-01 21:00:00,OLT-CENTRO-01,-20.4,887.9,UP
2026-03-01 21:00:00,OLT-NORTE-02,-22.04,580.9,UP
2026-03-01 21:00:00,OLT-SUL-03,-21.89,715.4,UP
2026-03-01 21:00:00,OLT-LESTE-04,-23.41,418.6,UP
2026-03-01 21:00:00,OLT-OESTE-05,-19.7,470.2,UP
2026-03-01 22:00:00,OLT-CENTRO-01,-20.45,756.9,UP
2026-03-01 22:00:00,OLT-NORTE-02,-22.06,513.2,UP
2026-03-01 22:00:00,OLT-SUL-03,-22.15,573.4,UP
2026-03-01 22:00:00,OLT-LESTE-04,-23.48,323.3,UP
2026-03-01 22:00:00,OLT-OESTE-05,-19.8,392.6,UP
2026-03-01 23:00:00,OLT-CENTRO-01,-20.76,488.9,UP
2026-03-01 23:00:00,OLT-NORTE-02,-21.99,349.3,UP
2026-03-01 23:00:00,OLT-SUL-03,-21.72,410.7,UP
2026-03-01 23:00:00,OLT-LESTE-04,-23.54,252.8,UP
2026-03-01 23:00:00,OLT-OESTE-05,-19.83,307.2,UP
2026-03-02 00:00:00,OLT-CENTRO-01,-20.7,292.3,UP
2026-03-02 00:00:00,OLT-NORTE-02,-21.96,203.8,UP
2026-03-02 00:00:00,OLT-SUL-03,-22.33,205.2,UP
2026-03-02 00:00:00,OLT-LESTE-04,-23.2,136.0,UP
2026-03-02 00:00:00,OLT-OESTE-05,-19.86,161.2,UP
2026-03-02 01:00:00,OLT-CENTRO-01,-20.2,204.4,UP
2026-03-02 01:00:00,OLT-NORTE-02,-21.53,136.4,UP
2026-03-02 01:00:00,OLT-SUL-03,-22.44,149.9,UP
2026-03-02 01:00:00,OLT-LESTE-04,-23.67,102.0,UP
2026-03-02 01:00:00,OLT-OESTE-05,-19.74,112.7,UP
2026-03-02 02:00:00,OLT-CENTRO-01,-20.59,153.3,UP
2026-03-02 02:00:00,OLT-NORTE-02,-21.66,95.6,UP
2026-03-02 02:00:00,OLT-SUL-03,-22.25,100.1,UP
2026-03-02 02:00:00,OLT-LESTE-04,-23.41,75.0,UP
2026-03-02 02:00:00,OLT-OESTE-05,-19.59,81.2,UP
2026-03-02 03:00:00,OLT-CENTRO-01,-20.37,110.8,UP
2026-03-02 03:00:00,OLT-NORTE-02,-21.98,82.0,UP
2026-03-02 03:00:00,OLT-SUL-03,-21.9,78.6,UP
2026-03-02 03:00:00,OLT-LESTE-04,-23.51,56.8,UP
2026-03-02 03:00:00,OLT-OESTE-05,-19.36,68.1,UP
2026-03-02 04:00:00,OLT-CENTRO-01,-20.78,89.6,UP
2026-03-02 04:00:00,OLT-NORTE-02,-21.5,64.1,UP
2026-03-02 04:00:00,OLT-SUL-03,-22.4,71.8,UP
2026-03-02 04:00:00,OLT-LESTE-04,-23.37,42.8,UP
2026-03-02 04:00:00,OLT-OESTE-05,-19.39,53.9,UP
2026-03-02 05:00:00,OLT-CENTRO-01,-20.31,110.9,UP
2026-03-02 05:00:00,OLT-NORTE-02,-21.63,65.1,UP
2026-03-02 05:00:00,OLT-SUL-03,-22.41,76.7,UP
2026-03-02 05:00:00,OLT-LESTE-04,-23.54,50.2,UP
2026-03-02 05:00:00,OLT-OESTE-05,-19.77,61.2,UP
2026-03-02 06:00:00,OLT-CENTRO-01,-20.41,149.3,UP
2026-03-02 06:00:00,OLT-NORTE-02,-21.84,108.9,UP
2026-03-02 06:00:00,OLT-SUL-03,-22.1,114.3,UP
2026-03-02 06:00:00,OLT-LESTE-04,-23.51,81.3,UP
2026-03-02 06:00:00,OLT-OESTE-05,-19.42,90.5,UP
2026-03-02 07:00:00,OLT-CENTRO-01,-20.59,269.8,UP
2026-03-02 07:00:00,OLT-NORTE-02,-21.91,172.2,UP
2026-03-02 07:00:00,OLT-SUL-03,-22.22,191.4,UP
2026-03-02 07:00:00,OLT-LESTE-04,-23.38,116.8,UP
2026-03-02 07:00:00,OLT-OESTE-05,-19.88,131.7,UP
2026-03-02 08:00:00,OLT-CENTRO-01,-20.55,346.8,UP
2026-03-02 08:00:00,OLT-NORTE-02,-21.85,222.2,UP
2026-03-02 08:00:00,OLT-SUL-03,-22.35,227.3,UP
2026-03-02 08:00:00,OLT-LESTE-04,-23.58,146.6,UP
2026-03-02 08:00:00,OLT-OESTE-05,-19.37,168.6,UP
2026-03-02 09:00:00,OLT-CENTRO-01,-20.34,356.9,UP
2026-03-02 09:00:00,OLT-NORTE-02,-21.7,249.3,UP
2026-03-02 09:00:00,OLT-SUL-03,-21.98,266.9,UP
2026-03-02 09:00:00,OLT-LESTE-04,-23.15,154.5,UP
2026-03-02 09:00:00,OLT-OESTE-05,-19.49,206.1,UP
2026-03-02 10:00:00,OLT-CENTRO-01,-20.47,443.9,UP
2026-03-02 10:00:00,OLT-NORTE-02,-21.75,278.4,UP
2026-03-02 10:00:00,OLT-SUL-03,-22.43,303.6,UP
2026-03-02 10:00:00,OLT-LESTE-04,-23.56,194.2,UP
2026-03-02 10:00:00,OLT-OESTE-05,-19.46,234.5,UP
2026-03-02 11:00:00,OLT-CENTRO-01,-20.78,478.0,UP
2026-03-02 11:00:00,OLT-NORTE-02,-22.09,274.1,UP
2026-03-02 11:00:00,OLT-SUL-03,-22.36,314.8,UP
2026-03-02 11:00:00,OLT-LESTE-04,-23.34,228.9,UP
2026-03-02 11:00:00,OLT-OESTE-05,-19.62,228.5,UP
2026-03-02 12:00:00,OLT-CENTRO-01,-20.47,511.1,UP
2026-03-02 12:00:00,OLT-NORTE-02,-21.53,312.5,UP
2026-03-02 12:00:00,OLT-SUL-03,-22.41,358.1,UP
2026-03-02 12:00:00,OLT-LESTE-04,-23.21,231.2,UP
2026-03-02 12:00:00,OLT-OESTE-05,-19.56,270.1,UP
2026-03-02 13:00:00,OLT-CENTRO-01,-20.62,419.7,UP
2026-03-02 13:00:00,OLT-NORTE-02,-21.75,305.6,UP
2026-03-02 13:00:00,OLT-SUL-03,-22.02,330.8,UP
2026-03-02 13:00:00,OLT-LESTE-04,-23.21,210.9,UP
2026-03-02 13:00:00,OLT-OESTE-05,-19.68,269.1,UP
2026-03-02 14:00:00,OLT-CENTRO-01,-20.74,449.4,UP
2026-03-02 14:00:00,OLT-NORTE-02,-21.78,326.4,UP
2026-03-02 14:00:00,OLT-SUL-03,-22.36,322.0,UP
2026-03-02 14:00:00,OLT-LESTE-04,-23.13,205.4,UP
2026-03-02 14:00:00,OLT-OESTE-05,-19.54,244.0,UP
2026-03-02 15:00:00,OLT-CENTRO-01,-20.56,512.6,UP
2026-03-02 15:00:00,OLT-NORTE-02,-21.55,312.3,UP
2026-03-02 15:00:00,OLT-SUL-03,-22.4,371.6,UP
2026-03-02 15:00:00,OLT-LESTE-04,-23.42,241.5,UP
2026-03-02 15:00:00,OLT-OESTE-05,-19.5,235.6,UP
2026-03-02 16:00:00,OLT-CENTRO-01,-20.68,495.2,UP
2026-03-02 16:00:00,OLT-NORTE-02,-22.1,366.6,UP
2026-03-02 16:00:00,OLT-SUL-03,-21.95,397.4,UP
2026-03-02 16:00:00,OLT-LESTE-04,-23.61,212.1,UP
2026-03-02 16:00:00,OLT-OESTE-05,-19.82,304.8,UP
2026-03-02 17:00:00,OLT-CENTRO-01,-20.6,618.7,UP
2026-03-02 17:00:00,OLT-NORTE-02,-21.76,394.7,UP
2026-03-02 17:00:00,OLT-SUL-03,-22.21,392.8,UP
2026-03-02 17:00:00,OLT-LESTE-04,-23.33,288.3,UP
2026-03-02 17:00:00,OLT-OESTE-05,-19.35,344.0,UP
2026-03-02 18:00:00,OLT-CENTRO-01,-20.53,692.6,UP
2026-03-02 18:00:00,OLT-NORTE-02,-21.57,413.7,UP
2026-03-02 18:00:00,OLT-SUL-03,-22.4,496.3,UP
2026-03-02 18:00:00,OLT-LESTE-04,-23.12,284.5,UP
2026-03-02 18:00:00,OLT-OESTE-05,-19.68,356.5,UP
2026-03-02 19:00:00,OLT-CENTRO-01,-20.77,726.5,UP
2026-03-02 19:00:00,OLT-NORTE-02,-21.78,472.6,UP
2026-03-02 19:00:00,OLT-SUL-03,-22.08,566.9,UP
2026-03-02 19:00:00,OLT-LESTE-04,-23.61,362.8,UP
2026-03-02 19:00:00,OLT-OESTE-05,-19.31,371.1,UP
2026-03-02 20:00:00,OLT-CENTRO-01,-20.4,775.9,UP
2026-03-02 20:00:00,OLT-NORTE-02,-21.96,565.6,UP
2026-03-02 20:00:00,OLT-SUL-03,-22.2,544.2,UP
2026-03-02 20:00:00,OLT-LESTE-04,-23.34,340.9,UP
2026-03-02 20:00:00,OLT-OESTE-05,-19.84,401.3,UP
2026-03-02 21:00:00,OLT-CENTRO-01,-20.58,765.4,UP
2026-03-02 21:00:00,OLT-NORTE-02,-21.9,512.2,UP
2026-03-02 21:00:00,OLT-SUL-03,-21.93,585.5,UP
2026-03-02 21:00:00,OLT-LESTE-04,-23.63,414.0,UP
2026-03-02 21:00:00,OLT-OESTE-05,-19.68,406.6,UP
2026-03-02 22:00:00,OLT-CENTRO-01,-20.4,632.6,UP
2026-03-02 22:00:00,OLT-NORTE-02,-21.54,452.5,UP
2026-03-02 22:00:00,OLT-SUL-03,-22.02,524.0,UP
2026-03-02 22:00:00,OLT-LESTE-04,-23.42,300.1,UP
2026-03-02 22:00:00,OLT-OESTE-05,-19.88,399.7,UP
2026-03-02 23:00:00,OLT-CENTRO-01,-20.59,449.2,UP
2026-03-02 23:00:00,OLT-NORTE-02,-21.65,322.2,UP
2026-03-02 23:00:00,OLT-SUL-03,-22.19,383.0,UP
2026-03-02 23:00:00,OLT-LESTE-04,-23.6,213.3,UP
2026-03-02 23:00:00,OLT-OESTE-05,-19.44,269.7,UP
2026-03-03 00:00:00,OLT-CENTRO-01,-20.27,284.6,UP
2026-03-03 00:00:00,OLT-NORTE-02,-22.04,184.6,UP
2026-03-03 00:00:00,OLT-SUL-03,-22.11,230.5,UP
2026-03-03 00:00:00,OLT-LESTE-04,-23.55,136.8,UP
2026-03-03 00:00:00,OLT-OESTE-05,-19.38,165.0,UP
2026-03-03 01:00:00,OLT-CENTRO-01,-20.73,214.1,UP
2026-03-03 01:00:00,OLT-NORTE-02,-21.52,134.3,UP
2026-03-03 01:00:00,OLT-SUL-03,-22.45,144.6,UP
2026-03-03 01:00:00,OLT-LESTE-04,-23.62,87.3,UP
2026-03-03 01:00:00,OLT-OESTE-05,-19.6,110.7,UP
2026-03-03 02:00:00,OLT-CENTRO-01,-20.64,148.4,UP
2026-03-03 02:00:00,OLT-NORTE-02,-21.53,97.7,UP
2026-03-03 02:00:00,OLT-SUL-03,-22.54,120.2,UP
2026-03-03 02:00:00,OLT-LESTE-04,-23.19,73.3,UP
2026-03-03 02:00:00,OLT-OESTE-05,-19.62,88.5,UP
2026-03-03 03:00:00,OLT-CENTRO-01,-20.59,114.6,UP
2026-03-03 03:00:00,OLT-NORTE-02,-21.52,68.9,UP
2026-03-03 03:00:00,OLT-SUL-03,-22.57,91.9,UP
2026-03-03 03:00:00,OLT-LESTE-04,-23.59,50.1,UP
2026-03-03 03:00:00,OLT-OESTE-05,-19.37,68.1,UP
2026-03-03 04:00:00,OLT-CENTRO-01,-20.71,93.0,UP
2026-03-03 04:00:00,OLT-NORTE-02,-22.09,59.1,UP
2026-03-03 04:00:00,OLT-SUL-03,-22.52,66.1,UP
2026-03-03 04:00:00,OLT-LESTE-04,-23.29,48.5,UP
2026-03-03 04:00:00,OLT-OESTE-05,-19.43,56.1,UP
2026-03-03 05:00:00,OLT-CENTRO-01,-20.49,109.6,UP
2026-03-03 05:00:00,OLT-NORTE-02,-22.1,72.3,UP
2026-03-03 05:00:00,OLT-SUL-03,-22.31,82.0,UP
2026-03-03 05:00:00,OLT-LESTE-04,-23.63,50.7,UP
2026-03-03 05:00:00,OLT-OESTE-05,-19.58,57.6,UP
2026-03-03 06:00:00,OLT-CENTRO-01,-20.68,167.3,UP
2026-03-03 06:00:00,OLT-NORTE-02,-21.82,99.2,UP
2026-03-03 06:00:00,OLT-SUL-03,-22.23,121.3,UP
2026-03-03 06:00:00,OLT-LESTE-04,-23.62,74.5,UP
2026-03-03 06:00:00,OLT-OESTE-05,-19.33,90.3,UP
2026-03-03 07:00:00,OLT-CENTRO-01,-20.6,221.7,UP
2026-03-03 07:00:00,OLT-NORTE-02,-21.9,162.0,UP
2026-03-03 07:00:00,OLT-SUL-03,-22.26,186.4,UP
2026-03-03 07:00:00,OLT-LESTE-04,-23.19,120.9,UP
2026-03-03 07:00:00,OLT-OESTE-05,-19.53,141.6,UP
2026-03-03 08:00:00,OLT-CENTRO-01,-20.21,319.8,UP
2026-03-03 08:00:00,OLT-NORTE-02,-21.91,218.8,UP
2026-03-03 08:00:00,OLT-SUL-03,-22.08,251.0,UP
2026-03-03 08:00:00,OLT-LESTE-04,-23.15,149.1,UP
2026-03-03 08:00:00,OLT-OESTE-05,-19.39,190.8,UP
2026-03-03 09:00:00,OLT-CENTRO-01,-20.26,376.6,UP
2026-03-03 09:00:00,OLT-NORTE-02,-21.86,236.1,UP
2026-03-03 09:00:00,OLT-SUL-03,-22.16,294.3,UP
2026-03-03 09:00:00,OLT-LESTE-04,-23.29,179.4,UP
2026-03-03 09:00:00,OLT-OESTE-05,-19.81,184.7,UP
2026-03-03 10:00:00,OLT-CENTRO-01,-20.75,376.1,UP
2026-03-03 10:00:00,OLT-NORTE-02,-21.51,270.4,UP
2026-03-03 10:00:00,OLT-SUL-03,-22.17,323.1,UP
2026-03-03 10:00:00,OLT-LESTE-04,-23.62,181.0,UP
2026-03-03 10:00:00,OLT-OESTE-05,-19.61,212.8,UP
2026-03-03 11:00:00,OLT-CENTRO-01,-20.23,482.5,UP
2026-03-03 11:00:00,OLT-NORTE-02,-21.71,315.2,UP
2026-03-03 11:00:00,OLT-SUL-03,-22.51,353.8,UP
2026-03-03 11:00:00,OLT-LESTE-04,-23.61,229.2,UP
2026-03-03 11:00:00,OLT-OESTE-05,-19.87,259.0,UP
2026-03-03 12:00:00,OLT-CENTRO-01,-20.3,490.6,UP
2026-03-03 12:00:00,OLT-NORTE-02,-21.92,285.9,UP
2026-03-03 12:00:00,OLT-SUL-03,-22.29,348.4,UP
2026-03-03 12:00:00,OLT-LESTE-04,-23.44,227.4,UP
2026-03-03 12:00:00,OLT-OESTE-05,-19.55,241.9,UP
2026-03-03 13:00:00,OLT-CENTRO-01,-20.71,484.3,UP
2026-03-03 13:00:00,OLT-NORTE-02,-21.63,306.3,UP
2026-03-03 13:00:00,OLT-SUL-03,-22.59,346.3,UP
2026-03-03 13:00:00,OLT-LESTE-04,-23.29,188.6,UP
2026-03-03 13:00:00,OLT-OESTE-05,-19.63,229.9,UP
2026-03-03 14:00:00,OLT-CENTRO-01,-20.3,461.8,UP
2026-03-03 14:00:00,OLT-NORTE-02,-21.71,308.0,UP
2026-03-03 14:00:00,OLT-SUL-03,-22.3,346.2,UP
2026-03-03 14:00:00,OLT-LESTE-04,-23.1,198.3,UP
2026-03-03 14:00:00,OLT-OESTE-05,-19.72,267.2,UP
2026-03-03 15:00:00,OLT-CENTRO-01,-20.21,479.9,UP
2026-03-03 15:00:00,OLT-NORTE-02,-21.69,340.4,UP
2026-03-03 15:00:00,OLT-SUL-03,-22.43,364.7,UP
2026-03-03 15:00:00,OLT-LESTE-04,-23.45,225.5,UP
2026-03-03 15:00:00,OLT-OESTE-05,-19.71,260.6,UP
2026-03-03 16:00:00,OLT-CENTRO-01,-20.66,485.6,UP
2026-03-03 16:00:00,OLT-NORTE-02,-21.59,336.3,UP
2026-03-03 16:00:00,OLT-SUL-03,-22.11,389.8,UP
2026-03-03 16:00:00,OLT-LESTE-04,-23.28,229.9,UP
2026-03-03 16:00:00,OLT-OESTE-05,-19.74,291.3,UP
2026-03-03 17:00:00,OLT-CENTRO-01,-20.41,587.9,UP
2026-03-03 17:00:00,OLT-NORTE-02,-22.0,370.1,UP
2026-03-03 17:00:00,OLT-SUL-03,-22.59,400.0,UP
2026-03-03 17:00:00,OLT-LESTE-04,-23.45,281.1,UP
2026-03-03 17:00:00,OLT-OESTE-05,-19.86,319.5,UP
2026-03-03 18:00:00,OLT-CENTRO-01,-20.71,696.9,UP
2026-03-03 18:00:00,OLT-NORTE-02,-21.5,455.2,UP
2026-03-03 18:00:00,OLT-SUL-03,-22.4,501.1,UP
2026-03-03 18:00:00,OLT-LESTE-04,-23.54,325.3,UP
2026-03-03 18:00:00,OLT-OESTE-05,-19.49,357.2,UP
2026-03-03 19:00:00,OLT-CENTRO-01,-20.22,789.6,UP
2026-03-03 19:00:00,OLT-NORTE-02,-22.09,490.2,UP
2026-03-03 19:00:00,OLT-SUL-03,-22.11,542.8,UP
2026-03-03 19:00:00,OLT-LESTE-04,-23.17,348.4,UP
2026-03-03 19:00:00,OLT-OESTE-05,-19.35,382.0,UP
2026-03-03 20:00:00,OLT-CENTRO-01,-20.68,809.9,UP
2026-03-03 20:00:00,OLT-NORTE-02,-22.05,548.2,UP
2026-03-03 20:00:00,OLT-SUL-03,-22.11,549.2,UP
2026-03-03 20:00:00,OLT-LESTE-04,-23.69,376.1,UP
2026-03-03 20:00:00,OLT-OESTE-05,-19.71,469.7,UP
2026-03-03 21:00:00,OLT-CENTRO-01,-20.56,862.1,UP
2026-03-03 21:00:00,OLT-NORTE-02,-21.89,537.4,UP
2026-03-03 21:00:00,OLT-SUL-03,-22.46,575.6,UP
2026-03-03 21:00:00,OLT-LESTE-04,-23.24,349.2,UP
2026-03-03 21:00:00,OLT-OESTE-05,-19.83,410.4,UP
2026-03-03 22:00:00,OLT-CENTRO-01,-20.44,762.3,UP
2026-03-03 22:00:00,OLT-NORTE-02,-21.8,439.8,UP
2026-03-03 22:00:00,OLT-SUL-03,-22.47,509.2,UP
2026-03-03 22:00:00,OLT-LESTE-04,-23.37,323.7,UP
2026-03-03 22:00:00,OLT-OESTE-05,-19.86,368.3,UP
2026-03-03 23:00:00,OLT-CENTRO-01,-20.52,502.5,UP
2026-03-03 23:00:00,OLT-NORTE-02,-21.58,294.1,UP
2026-03-03 23:00:00,OLT-SUL-03,-22.16,388.2,UP
2026-03-03 23:00:00,OLT-LESTE-04,-23.18,246.0,UP
2026-03-03 23:00:00,OLT-OESTE-05,-19.56,272.3,UP
2026-03-04 00:00:00,OLT-CENTRO-01,-20.48,294.6,UP
2026-03-04 00:00:00,OLT-NORTE-02,-22.04,202.7,UP
2026-03-04 00:00:00,OLT-SUL-03,-22.15,226.8,UP
2026-03-04 00:00:00,OLT-LESTE-04,-23.26,137.2,UP
2026-03-04 00:00:00,OLT-OESTE-05,-19.76,159.0,UP
2026-03-04 01:00:00,OLT-CENTRO-01,-20.61,200.5,UP
2026-03-04 01:00:00,OLT-NORTE-02,-21.5,141.0,UP
2026-03-04 01:00:00,OLT-SUL-03,-22.42,143.4,UP
2026-03-04 01:00:00,OLT-LESTE-04,-23.69,92.2,UP
2026-03-04 01:00:00,OLT-OESTE-05,-19.79,116.4,UP
2026-03-04 02:00:00,OLT-CENTRO-01,-20.63,160.9,UP
2026-03-04 02:00:00,OLT-NORTE-02,-22.07,90.2,UP
2026-03-04 02:00:00,OLT-SUL-03,-22.54,112.1,UP
2026-03-04 02:00:00,OLT-LESTE-04,-23.27,72.8,UP
2026-03-04 02:00:00,OLT-OESTE-05,-19.38,85.7,UP
2026-03-04 03:00:00,OLT-CENTRO-01,-20.65,121.5,UP
2026-03-04 03:00:00,OLT-NORTE-02,-22.09,68.6,UP
2026-03-04 03:00:00,OLT-SUL-03,-22.6,89.1,UP
2026-03-04 03:00:00,OLT-LESTE-04,-23.34,54.4,UP
2026-03-04 03:00:00,OLT-OESTE-05,-19.52,62.4,UP
2026-03-04 04:00:00,OLT-CENTRO-01,-20.36,102.9,UP
2026-03-04 04:00:00,OLT-NORTE-02,-21.81,60.9,UP
2026-03-04 04:00:00,OLT-SUL-03,-22.64,71.2,UP
2026-03-04 04:00:00,OLT-LESTE-04,-23.38,44.0,UP
2026-03-04 04:00:00,OLT-OESTE-05,-19.37,51.5,UP
2026-03-04 05:00:00,OLT-CENTRO-01,-20.45,110.8,UP
2026-03-04 05:00:00,OLT-NORTE-02,-21.52,73.0,UP
2026-03-04 05:00:00,OLT-SUL-03,-22.51,86.2,UP
2026-03-04 05:00:00,OLT-LESTE-04,-23.13,46.0,UP
2026-03-04 05:00:00,OLT-OESTE-05,-19.53,58.9,UP
2026-03-04 06:00:00,OLT-CENTRO-01,-20.79,166.8,UP
2026-03-04 06:00:00,OLT-NORTE-02,-21.62,105.9,UP
2026-03-04 06:00:00,OLT-SUL-03,-22.66,114.1,UP
2026-03-04 06:00:00,OLT-LESTE-04,-23.4,69.4,UP
2026-03-04 06:00:00,OLT-OESTE-05,-19.88,98.8,UP
2026-03-04 07:00:00,OLT-CENTRO-01,-20.7,225.8,UP
2026-03-04 07:00:00,OLT-NORTE-02,-22.03,176.5,UP
2026-03-04 07:00:00,OLT-SUL-03,-22.6,171.6,UP
2026-03-04 07:00:00,OLT-LESTE-04,-23.21,109.8,UP
2026-03-04 07:00:00,OLT-OESTE-05,-19.71,148.4,UP
2026-03-04 08:00:00,OLT-CENTRO-01,-20.51,342.4,UP
2026-03-04 08:00:00,OLT-NORTE-02,-22.0,210.0,UP
2026-03-04 08:00:00,OLT-SUL-03,-22.24,267.1,UP
2026-03-04 08:00:00,OLT-LESTE-04,-23.41,156.4,UP
2026-03-04 08:00:00,OLT-OESTE-05,-19.46,186.7,UP
2026-03-04 09:00:00,OLT-CENTRO-01,-20.31,334.4,UP
2026-03-04 09:00:00,OLT-NORTE-02,-21.52,221.6,UP
2026-03-04 09:00:00,OLT-SUL-03,-22.34,271.8,UP
2026-03-04 09:00:00,OLT-LESTE-04,-23.47,184.5,UP
2026-03-04 09:00:00,OLT-OESTE-05,-19.52,204.2,UP
2026-03-04 10:00:00,OLT-CENTRO-01,-20.47,408.1,UP
2026-03-04 10:00:00,OLT-NORTE-02,-21.66,282.5,UP
2026-03-04 10:00:00,OLT-SUL-03,-22.2,322.0,UP
2026-03-04 10:00:00,OLT-LESTE-04,-23.47,186.4,UP
2026-03-04 10:00:00,OLT-OESTE-05,-19.7,210.4,UP
2026-03-04 11:00:00,OLT-CENTRO-01,-20.68,473.2,UP
2026-03-04 11:00:00,OLT-NORTE-02,-21.56,289.3,UP
2026-03-04 11:00:00,OLT-SUL-03,-22.73,304.4,UP
2026-03-04 11:00:00,OLT-LESTE-04,-23.29,222.3,UP
2026-03-04 11:00:00,OLT-OESTE-05,-19.48,263.5,UP
2026-03-04 12:00:00,OLT-CENTRO-01,-20.74,504.5,UP
2026-03-04 12:00:00,OLT-NORTE-02,-22.07,296.4,UP
2026-03-04 12:00:00,OLT-SUL-03,-22.67,368.7,UP
2026-03-04 12:00:00,OLT-LESTE-04,-23.17,230.3,UP
2026-03-04 12:00:00,OLT-OESTE-05,-19.44,275.5,UP
2026-03-04 13:00:00,OLT-CENTRO-01,-20.46,479.0,UP
2026-03-04 13:00:00,OLT-NORTE-02,-21.65,276.5,UP
2026-03-04 13:00:00,OLT-SUL-03,-22.69,347.9,UP
2026-03-04 13:00:00,OLT-LESTE-04,-23.6,221.0,UP
2026-03-04 13:00:00,OLT-OESTE-05,-19.75,250.9,UP
2026-03-04 14:00:00,OLT-CENTRO-01,-20.47,474.7,UP
2026-03-04 14:00:00,OLT-NORTE-02,-21.65,282.8,UP
2026-03-04 14:00:00,OLT-SUL-03,-22.45,323.7,UP
2026-03-04 14:00:00,OLT-LESTE-04,-23.5,210.8,UP
2026-03-04 14:00:00,OLT-OESTE-05,-19.71,243.5,UP
2026-03-04 15:00:00,OLT-CENTRO-01,-20.4,504.4,UP
2026-03-04 15:00:00,OLT-NORTE-02,-21.61,314.6,UP
2026-03-04 15:00:00,OLT-SUL-03,-22.71,372.0,UP
2026-03-04 15:00:00,OLT-LESTE-04,-23.68,212.3,UP
2026-03-04 15:00:00,OLT-OESTE-05,-19.78,256.0,UP
2026-03-04 16:00:00,OLT-CENTRO-01,-20.52,535.5,UP
2026-03-04 16:00:00,OLT-NORTE-02,-21.83,350.7,UP
2026-03-04 16:00:00,OLT-SUL-03,-22.25,363.3,UP
2026-03-04 16:00:00,OLT-LESTE-04,-23.62,237.0,UP
2026-03-04 16:00:00,OLT-OESTE-05,-19.42,277.0,UP
2026-03-04 17:00:00,OLT-CENTRO-01,-20.6,530.8,UP
2026-03-04 17:00:00,OLT-NORTE-02,-21.73,406.8,UP
2026-03-04 17:00:00,OLT-SUL-03,-22.59,444.7,UP
2026-03-04 17:00:00,OLT-LESTE-04,-23.26,282.4,UP
2026-03-04 17:00:00,OLT-OESTE-05,-19.51,326.2,UP
2026-03-04 18:00:00,OLT-CENTRO-01,-20.68,604.3,UP
2026-03-04 18:00:00,OLT-NORTE-02,-22.01,425.7,UP
2026-03-04 18:00:00,OLT-SUL-03,-22.27,511.6,UP
2026-03-04 18:00:00,OLT-LESTE-04,-23.39,333.1,UP
2026-03-04 18:00:00,OLT-OESTE-05,-19.8,391.5,UP
2026-03-04 19:00:00,OLT-CENTRO-01,-20.45,757.3,UP
2026-03-04 19:00:00,OLT-NORTE-02,-21.69,499.2,UP
2026-03-04 19:00:00,OLT-SUL-03,-22.43,567.1,UP
2026-03-04 19:00:00,OLT-LESTE-04,-23.24,369.4,UP
2026-03-04 19:00:00,OLT-OESTE-05,-19.45,373.2,UP
2026-03-04 20:00:00,OLT-CENTRO-01,-20.22,856.1,UP
2026-03-04 20:00:00,OLT-NORTE-02,-21.66,520.9,UP
2026-03-04 20:00:00,OLT-SUL-03,-22.59,577.7,UP
2026-03-04 20:00:00,OLT-LESTE-04,-23.28,352.1,UP
2026-03-04 20:00:00,OLT-OESTE-05,-19.61,456.3,UP
2026-03-04 21:00:00,OLT-CENTRO-01,-20.22,741.9,UP
2026-03-04 21:00:00,OLT-NORTE-02,-21.74,539.2,UP
2026-03-04 21:00:00,OLT-SUL-03,-22.34,646.5,UP
2026-03-04 21:00:00,OLT-LESTE-04,-23.12,413.3,UP
2026-03-04 21:00:00,OLT-OESTE-05,-19.7,431.0,UP
2026-03-04 22:00:00,OLT-CENTRO-01,-20.69,741.6,UP
2026-03-04 22:00:00,OLT-NORTE-02,-21.74,481.8,UP
2026-03-04 22:00:00,OLT-SUL-03,-22.61,551.3,UP
2026-03-04 22:00:00,OLT-LESTE-04,-23.18,326.3,UP
2026-03-04 22:00:00,OLT-OESTE-05,,0.0,DOWN
2026-03-04 23:00:00,OLT-CENTRO-01,-20.54,536.7,UP
2026-03-04 23:00:00,OLT-NORTE-02,-21.82,319.7,UP
2026-03-04 23:00:00,OLT-SUL-03,-22.64,390.2,UP
2026-03-04 23:00:00,OLT-LESTE-04,-23.14,223.3,UP
2026-03-04 23:00:00,OLT-OESTE-05,-19.58,292.1,UP
2026-03-05 00:00:00,OLT-CENTRO-01,-20.52,295.4,UP
2026-03-05 00:00:00,OLT-NORTE-02,-21.76,191.5,UP
2026-03-05 00:00:00,OLT-SUL-03,-22.79,212.0,UP
2026-03-05 00:00:00,OLT-LESTE-04,-23.48,138.9,UP
2026-03-05 00:00:00,OLT-OESTE-05,-19.62,168.6,UP
2026-03-05 01:00:00,OLT-CENTRO-01,-20.36,218.3,UP
2026-03-05 01:00:00,OLT-NORTE-02,-21.51,138.4,UP
2026-03-05 01:00:00,OLT-SUL-03,-22.74,137.9,UP
2026-03-05 01:00:00,OLT-LESTE-04,-23.63,94.0,UP
2026-03-05 01:00:00,OLT-OESTE-05,-19.82,106.6,UP
2026-03-05 02:00:00,OLT-CENTRO-01,-20.76,160.4,UP
2026-03-05 02:00:00,OLT-NORTE-02,-21.54,97.4,UP
2026-03-05 02:00:00,OLT-SUL-03,-22.81,101.5,UP
2026-03-05 02:00:00,OLT-LESTE-04,-23.11,72.1,UP
2026-03-05 02:00:00,OLT-OESTE-05,-19.46,87.6,UP
2026-03-05 03:00:00,OLT-CENTRO-01,-20.43,125.5,UP
2026-03-05 03:00:00,OLT-NORTE-02,-21.53,71.1,UP
2026-03-05 03:00:00,OLT-SUL-03,-22.74,79.7,UP
2026-03-05 03:00:00,OLT-LESTE-04,-23.42,49.3,UP
2026-03-05 03:00:00,OLT-OESTE-05,-19.61,65.7,UP
2026-03-05 04:00:00,OLT-CENTRO-01,-20.28,100.8,UP
2026-03-05 04:00:00,OLT-NORTE-02,-21.91,65.1,UP
2026-03-05 04:00:00,OLT-SUL-03,-22.73,78.7,UP
2026-03-05 04:00:00,OLT-LESTE-04,-23.14,50.1,UP
2026-03-05 04:00:00,OLT-OESTE-05,-19.57,52.8,UP
2026-03-05 05:00:00,OLT-CENTRO-01,-20.22,104.7,UP
2026-03-05 05:00:00,OLT-NORTE-02,-21.92,63.7,UP
2026-03-05 05:00:00,OLT-SUL-03,-22.84,85.4,UP
2026-03-05 05:00:00,OLT-LESTE-04,-23.32,45.3,UP
2026-03-05 05:00:00,OLT-OESTE-05,-19.69,60.3,UP
2026-03-05 06:00:00,OLT-CENTRO-01,-20.28,151.4,UP
2026-03-05 06:00:00,OLT-NORTE-02,-21.55,114.3,UP
2026-03-05 06:00:00,OLT-SUL-03,-22.67,125.7,UP
2026-03-05 06:00:00,OLT-LESTE-04,-23.64,80.4,UP
2026-03-05 06:00:00,OLT-OESTE-05,-19.77,85.3,UP
2026-03-05 07:00:00,OLT-CENTRO-01,-20.27,264.2,UP
2026-03-05 07:00:00,OLT-NORTE-02,-21.93,170.3,UP
2026-03-05 07:00:00,OLT-SUL-03,-22.58,187.1,UP
2026-03-05 07:00:00,OLT-LESTE-04,-23.24,108.4,UP
2026-03-05 07:00:00,OLT-OESTE-05,-19.68,129.7,UP
2026-03-05 08:00:00,OLT-CENTRO-01,-20.52,349.4,UP
2026-03-05 08:00:00,OLT-NORTE-02,-22.01,206.6,UP
2026-03-05 08:00:00,OLT-SUL-03,-22.83,247.8,UP
2026-03-05 08:00:00,OLT-LESTE-04,-23.23,146.4,UP
2026-03-05 08:00:00,OLT-OESTE-05,-19.45,182.4,UP
2026-03-05 09:00:00,OLT-CENTRO-01,-20.67,397.7,UP
2026-03-05 09:00:00,OLT-NORTE-02,-21.68,249.6,UP
2026-03-05 09:00:00,OLT-SUL-03,-22.36,258.5,UP
2026-03-05 09:00:00,OLT-LESTE-04,-23.28,163.2,UP
2026-03-05 09:00:00,OLT-OESTE-05,-19.9,216.2,UP
2026-03-05 10:00:00,OLT-CENTRO-01,-20.52,440.7,UP
2026-03-05 10:00:00,OLT-NORTE-02,-21.81,278.7,UP
2026-03-05 10:00:00,OLT-SUL-03,-22.67,312.2,UP
2026-03-05 10:00:00,OLT-LESTE-04,-23.51,200.1,UP
2026-03-05 10:00:00,OLT-OESTE-05,-19.49,213.4,UP
2026-03-05 11:00:00,OLT-CENTRO-01,-20.72,417.4,UP
2026-03-05 11:00:00,OLT-NORTE-02,-22.02,277.5,UP
2026-03-05 11:00:00,OLT-SUL-03,-22.72,319.1,UP
2026-03-05 11:00:00,OLT-LESTE-04,-23.22,217.7,UP
2026-03-05 11:00:00,OLT-OESTE-05,-19.45,248.5,UP
2026-03-05 12:00:00,OLT-CENTRO-01,-20.23,459.2,UP
2026-03-05 12:00:00,OLT-NORTE-02,-21.8,293.8,UP
2026-03-05 12:00:00,OLT-SUL-03,-22.49,318.7,UP
2026-03-05 12:00:00,OLT-LESTE-04,-23.29,217.3,UP
2026-03-05 12:00:00,OLT-OESTE-05,-19.73,285.3,UP
2026-03-05 13:00:00,OLT-CENTRO-01,-20.38,489.8,UP
2026-03-05 13:00:00,OLT-NORTE-02,-21.64,316.0,UP
2026-03-05 13:00:00,OLT-SUL-03,-22.89,369.0,UP
2026-03-05 13:00:00,OLT-LESTE-04,-23.29,215.6,UP
2026-03-05 13:00:00,OLT-OESTE-05,-19.44,242.3,UP
2026-03-05 14:00:00,OLT-CENTRO-01,-20.36,410.5,UP
2026-03-05 14:00:00,OLT-NORTE-02,-21.88,308.0,UP
2026-03-05 14:00:00,OLT-SUL-03,-22.53,328.7,UP
2026-03-05 14:00:00,OLT-LESTE-04,-23.52,204.7,UP
2026-03-05 14:00:00,OLT-OESTE-05,-19.58,229.2,UP
2026-03-05 15:00:00,OLT-CENTRO-01,-20.5,460.8,UP
2026-03-05 15:00:00,OLT-NORTE-02,-21.5,321.3,UP
2026-03-05 15:00:00,OLT-SUL-03,-22.3,380.6,UP
2026-03-05 15:00:00,OLT-LESTE-04,-23.19,233.0,UP
2026-03-05 15:00:00,OLT-OESTE-05,-19.89,258.5,UP
2026-03-05 16:00:00,OLT-CENTRO-01,-20.51,542.2,UP
2026-03-05 16:00:00,OLT-NORTE-02,-21.57,348.7,UP
2026-03-05 16:00:00,OLT-SUL-03,-22.75,346.2,UP
2026-03-05 16:00:00,OLT-LESTE-04,-23.61,251.6,UP
2026-03-05 16:00:00,OLT-OESTE-05,-19.5,298.6,UP
2026-03-05 17:00:00,OLT-CENTRO-01,-20.68,574.5,UP
2026-03-05 17:00:00,OLT-NORTE-02,-21.85,413.2,UP
2026-03-05 17:00:00,OLT-SUL-03,-22.55,406.9,UP
2026-03-05 17:00:00,OLT-LESTE-04,-23.55,278.3,UP
2026-03-05 17:00:00,OLT-OESTE-05,-19.62,293.2,UP
2026-03-05 18:00:00,OLT-CENTRO-01,-20.61,622.2,UP
2026-03-05 18:00:00,OLT-NORTE-02,-21.69,390.6,UP
2026-03-05 18:00:00,OLT-SUL-03,-22.6,446.0,UP
2026-03-05 18:00:00,OLT-LESTE-04,-23.55,323.4,UP
2026-03-05 18:00:00,OLT-OESTE-05,-19.69,355.3,UP
2026-03-05 19:00:00,OLT-CENTRO-01,-20.48,802.3,UP
2026-03-05 19:00:00,OLT-NORTE-02,-21.61,449.1,UP
2026-03-05 19:00:00,OLT-SUL-03,-22.54,544.7,UP
2026-03-05 19:00:00,OLT-LESTE-04,-23.51,337.0,UP
2026-03-05 19:00:00,OLT-OESTE-05,-19.53,384.5,UP
2026-03-05 20:00:00,OLT-CENTRO-01,-20.56,763.4,UP
2026-03-05 20:00:00,OLT-NORTE-02,-21.97,566.3,UP
2026-03-05 20:00:00,OLT-SUL-03,-22.79,547.0,UP
2026-03-05 20:00:00,OLT-LESTE-04,-23.32,344.9,UP
2026-03-05 20:00:00,OLT-OESTE-05,-19.38,432.3,UP
2026-03-05 21:00:00,OLT-CENTRO-01,-20.76,820.2,UP
2026-03-05 21:00:00,OLT-NORTE-02,-21.56,587.9,UP
2026-03-05 21:00:00,OLT-SUL-03,-22.39,660.2,UP
2026-03-05 21:00:00,OLT-LESTE-04,-23.65,385.9,UP
2026-03-05 21:00:00,OLT-OESTE-05,-19.31,409.6,UP
2026-03-05 22:00:00,OLT-CENTRO-01,-20.67,678.1,UP
2026-03-05 22:00:00,OLT-NORTE-02,-21.91,414.5,UP
2026-03-05 22:00:00,OLT-SUL-03,-22.51,539.9,UP
2026-03-05 22:00:00,OLT-LESTE-04,-23.61,350.3,UP
2026-03-05 22:00:00,OLT-OESTE-05,-19.68,352.8,UP
2026-03-05 23:00:00,OLT-CENTRO-01,-20.6,493.1,UP
2026-03-05 23:00:00,OLT-NORTE-02,-21.68,349.9,UP
2026-03-05 23:00:00,OLT-SUL-03,-22.36,375.2,UP
2026-03-05 23:00:00,OLT-LESTE-04,-23.17,238.1,UP
2026-03-05 23:00:00,OLT-OESTE-05,-19.79,288.6,UP
2026-03-06 00:00:00,OLT-CENTRO-01,-20.63,266.1,UP
2026-03-06 00:00:00,OLT-NORTE-02,-21.59,195.1,UP
2026-03-06 00:00:00,OLT-SUL-03,-22.48,233.2,UP
2026-03-06 00:00:00,OLT-LESTE-04,-23.3,143.9,UP
2026-03-06 00:00:00,OLT-OESTE-05,-19.53,155.4,UP
2026-03-06 01:00:00,OLT-CENTRO-01,-20.6,194.6,UP
2026-03-06 01:00:00,OLT-NORTE-02,-21.79,137.7,UP
2026-03-06 01:00:00,OLT-SUL-03,-22.67,166.0,UP
2026-03-06 01:00:00,OLT-LESTE-04,-23.52,92.0,UP
2026-03-06 01:00:00,OLT-OESTE-05,-19.81,101.3,UP
2026-03-06 02:00:00,OLT-CENTRO-01,-20.35,134.5,UP
2026-03-06 02:00:00,OLT-NORTE-02,-22.06,89.0,UP
2026-03-06 02:00:00,OLT-SUL-03,-22.68,105.5,UP
2026-03-06 02:00:00,OLT-LESTE-04,-23.26,70.6,UP
2026-03-06 02:00:00,OLT-OESTE-05,-19.52,78.2,UP
2026-03-06 03:00:00,OLT-CENTRO-01,-20.32,123.5,UP
2026-03-06 03:00:00,OLT-NORTE-02,-22.07,78.0,UP
2026-03-06 03:00:00,OLT-SUL-03,-22.81,81.9,UP
2026-03-06 03:00:00,OLT-LESTE-04,-23.22,54.5,UP
2026-03-06 03:00:00,OLT-OESTE-05,-19.42,65.6,UP
2026-03-06 04:00:00,OLT-CENTRO-01,-20.45,103.5,UP
2026-03-06 04:00:00,OLT-NORTE-02,-21.5,63.2,UP
2026-03-06 04:00:00,OLT-SUL-03,-22.75,70.2,UP
2026-03-06 04:00:00,OLT-LESTE-04,-23.59,44.1,UP
2026-03-06 04:00:00,OLT-OESTE-05,-19.51,49.2,UP
2026-03-06 05:00:00,OLT-CENTRO-01,-20.21,116.9,UP
2026-03-06 05:00:00,OLT-NORTE-02,-22.03,66.2,UP
2026-03-06 05:00:00,OLT-SUL-03,-22.47,81.3,UP
2026-03-06 05:00:00,OLT-LESTE-04,-23.33,52.5,UP
2026-03-06 05:00:00,OLT-OESTE-05,-19.84,53.0,UP
2026-03-06 06:00:00,OLT-CENTRO-01,-20.28,155.7,UP
2026-03-06 06:00:00,OLT-NORTE-02,-22.08,110.1,UP
2026-03-06 06:00:00,OLT-SUL-03,-22.67,114.3,UP
2026-03-06 06:00:00,OLT-LESTE-04,-23.45,69.9,UP
2026-03-06 06:00:00,OLT-OESTE-05,-19.73,91.5,UP
2026-03-06 07:00:00,OLT-CENTRO-01,-20.45,237.2,UP
2026-03-06 07:00:00,OLT-NORTE-02,-21.9,165.3,UP
2026-03-06 07:00:00,OLT-SUL-03,-22.63,165.5,UP
2026-03-06 07:00:00,OLT-LESTE-04,-23.39,113.3,UP
2026-03-06 07:00:00,OLT-OESTE-05,-19.84,126.9,UP
2026-03-06 08:00:00,OLT-CENTRO-01,-20.54,296.0,UP
2026-03-06 08:00:00,OLT-NORTE-02,-22.08,228.0,UP
2026-03-06 08:00:00,OLT-SUL-03,-22.71,253.5,UP
2026-03-06 08:00:00,OLT-LESTE-04,-23.63,140.4,UP
2026-03-06 08:00:00,OLT-OESTE-05,-19.88,174.6,UP
2026-03-06 09:00:00,OLT-CENTRO-01,-20.27,390.0,UP
2026-03-06 09:00:00,OLT-NORTE-02,-21.63,233.3,UP
2026-03-06 09:00:00,OLT-SUL-03,-23.05,296.8,UP
2026-03-06 09:00:00,OLT-LESTE-04,-23.24,159.6,UP
2026-03-06 09:00:00,OLT-OESTE-05,-19.45,212.3,UP
2026-03-06 10:00:00,OLT-CENTRO-01,-20.45,405.0,UP
2026-03-06 10:00:00,OLT-NORTE-02,-21.59,293.4,UP
2026-03-06 10:00:00,OLT-SUL-03,-22.8,324.5,UP
2026-03-06 10:00:00,OLT-LESTE-04,-23.24,173.9,UP
2026-03-06 10:00:00,OLT-OESTE-05,-19.72,208.5,UP
2026-03-06 11:00:00,OLT-CENTRO-01,-20.75,493.1,UP
2026-03-06 11:00:00,OLT-NORTE-02,-22.08,299.3,UP
2026-03-06 11:00:00,OLT-SUL-03,-23.03,329.7,UP
2026-03-06 11:00:00,OLT-LESTE-04,-23.57,201.9,UP
2026-03-06 11:00:00,OLT-OESTE-05,-19.57,246.6,UP
2026-03-06 12:00:00,OLT-CENTRO-01,-20.78,446.9,UP
2026-03-06 12:00:00,OLT-NORTE-02,-21.81,295.6,UP
2026-03-06 12:00:00,OLT-SUL-03,-23.01,333.1,UP
2026-03-06 12:00:00,OLT-LESTE-04,-23.4,239.5,UP
2026-03-06 12:00:00,OLT-OESTE-05,-19.54,264.7,UP
2026-03-06 13:00:00,OLT-CENTRO-01,-20.28,423.0,UP
2026-03-06 13:00:00,OLT-NORTE-02,-21.85,323.2,UP
2026-03-06 13:00:00,OLT-SUL-03,-22.94,325.8,UP
2026-03-06 13:00:00,OLT-LESTE-04,-23.52,206.8,UP
2026-03-06 13:00:00,OLT-OESTE-05,-19.79,258.3,UP
2026-03-06 14:00:00,OLT-CENTRO-01,-20.45,484.4,UP
2026-03-06 14:00:00,OLT-NORTE-02,-21.73,296.2,UP
2026-03-06 14:00:00,OLT-SUL-03,-22.72,358.2,UP
2026-03-06 14:00:00,OLT-LESTE-04,-23.26,191.8,UP
2026-03-06 14:00:00,OLT-OESTE-05,-19.81,241.0,UP
2026-03-06 15:00:00,OLT-CENTRO-01,-20.47,439.4,UP
2026-03-06 15:00:00,OLT-NORTE-02,-22.03,321.1,UP
2026-03-06 15:00:00,OLT-SUL-03,-22.93,367.4,UP
2026-03-06 15:00:00,OLT-LESTE-04,-23.29,202.3,UP
2026-03-06 15:00:00,OLT-OESTE-05,-19.74,247.2,UP
2026-03-06 16:00:00,OLT-CENTRO-01,-20.63,463.9,UP
2026-03-06 16:00:00,OLT-NORTE-02,-22.09,307.8,UP
2026-03-06 16:00:00,OLT-SUL-03,-22.94,374.1,UP
2026-03-06 16:00:00,OLT-LESTE-04,-23.43,231.3,UP
2026-03-06 16:00:00,OLT-OESTE-05,-19.59,274.7,UP
2026-03-06 17:00:00,OLT-CENTRO-01,-20.48,535.5,UP
2026-03-06 17:00:00,OLT-NORTE-02,-21.67,391.5,UP
2026-03-06 17:00:00,OLT-SUL-03,-22.83,413.8,UP
2026-03-06 17:00:00,OLT-LESTE-04,-23.35,263.7,UP
2026-03-06 17:00:00,OLT-OESTE-05,-19.78,300.5,UP
2026-03-06 18:00:00,OLT-CENTRO-01,-20.55,602.9,UP
2026-03-06 18:00:00,OLT-NORTE-02,-21.65,474.3,UP
2026-03-06 18:00:00,OLT-SUL-03,-22.46,445.3,UP
2026-03-06 18:00:00,OLT-LESTE-04,-23.47,301.0,UP
2026-03-06 18:00:00,OLT-OESTE-05,-19.38,378.8,UP
2026-03-06 19:00:00,OLT-CENTRO-01,-20.27,672.9,UP
2026-03-06 19:00:00,OLT-NORTE-02,-22.06,489.6,UP
2026-03-06 19:00:00,OLT-SUL-03,-22.92,503.0,UP
2026-03-06 19:00:00,OLT-LESTE-04,-23.13,370.2,UP
2026-03-06 19:00:00,OLT-OESTE-05,-19.88,393.2,UP
2026-03-06 20:00:00,OLT-CENTRO-01,-20.61,871.9,UP
2026-03-06 20:00:00,OLT-NORTE-02,-21.64,486.1,UP
2026-03-06 20:00:00,OLT-SUL-03,-22.87,625.4,UP
2026-03-06 20:00:00,OLT-LESTE-04,-23.15,399.8,UP
2026-03-06 20:00:00,OLT-OESTE-05,-19.41,409.6,UP
2026-03-06 21:00:00,OLT-CENTRO-01,-20.79,874.2,UP
2026-03-06 21:00:00,OLT-NORTE-02,-22.08,548.4,UP
2026-03-06 21:00:00,OLT-SUL-03,-23.04,661.1,UP
2026-03-06 21:00:00,OLT-LESTE-04,-23.62,351.7,UP
2026-03-06 21:00:00,OLT-OESTE-05,-19.46,413.1,UP
2026-03-06 22:00:00,OLT-CENTRO-01,-20.78,694.0,UP
2026-03-06 22:00:00,OLT-NORTE-02,-21.82,450.8,UP
2026-03-06 22:00:00,OLT-SUL-03,-22.71,478.3,UP
2026-03-06 22:00:00,OLT-LESTE-04,-23.56,332.5,UP
2026-03-06 22:00:00,OLT-OESTE-05,-19.64,417.0,UP
2026-03-06 23:00:00,OLT-CENTRO-01,-20.36,449.1,UP
2026-03-06 23:00:00,OLT-NORTE-02,-21.54,303.0,UP
2026-03-06 23:00:00,OLT-SUL-03,-22.96,340.0,UP
2026-03-06 23:00:00,OLT-LESTE-04,-23.38,221.8,UP
2026-03-06 23:00:00,OLT-OESTE-05,-19.75,278.4,UP
2026-03-07 00:00:00,OLT-CENTRO-01,-20.45,308.6,UP
2026-03-07 00:00:00,OLT-NORTE-02,-21.53,202.1,UP
2026-03-07 00:00:00,OLT-SUL-03,-23.19,220.5,UP
2026-03-07 00:00:00,OLT-LESTE-04,-23.64,132.1,UP
2026-03-07 00:00:00,OLT-OESTE-05,-19.58,181.6,UP
2026-03-07 01:00:00,OLT-CENTRO-01,-20.74,210.3,UP
2026-03-07 01:00:00,OLT-NORTE-02,-21.71,150.7,UP
2026-03-07 01:00:00,OLT-SUL-03,-22.99,156.7,UP
2026-03-07 01:00:00,OLT-LESTE-04,-23.52,97.3,UP
2026-03-07 01:00:00,OLT-OESTE-05,-19.41,115.8,UP
2026-03-07 02:00:00,OLT-CENTRO-01,-20.45,160.5,UP
2026-03-07 02:00:00,OLT-NORTE-02,-21.92,111.3,UP
2026-03-07 02:00:00,OLT-SUL-03,-22.81,115.8,UP
2026-03-07 02:00:00,OLT-LESTE-04,-23.14,70.9,UP
2026-03-07 02:00:00,OLT-OESTE-05,-19.69,83.7,UP
2026-03-07 03:00:00,OLT-CENTRO-01,-20.37,118.3,UP
2026-03-07 03:00:00,OLT-NORTE-02,-21.51,85.5,UP
2026-03-07 03:00:00,OLT-SUL-03,-22.84,91.9,UP
2026-03-07 03:00:00,OLT-LESTE-04,-23.54,60.9,UP
2026-03-07 03:00:00,OLT-OESTE-05,-19.71,75.3,UP
2026-03-07 04:00:00,OLT-CENTRO-01,-20.29,104.9,UP
2026-03-07 04:00:00,OLT-NORTE-02,-21.82,75.5,UP
2026-03-07 04:00:00,OLT-SUL-03,-22.79,83.4,UP
2026-03-07 04:00:00,OLT-LESTE-04,-23.48,53.0,UP
2026-03-07 04:00:00,OLT-OESTE-05,-19.6,62.1,UP
2026-03-07 05:00:00,OLT-CENTRO-01,-20.46,113.6,UP
2026-03-07 05:00:00,OLT-NORTE-02,-21.88,78.1,UP
2026-03-07 05:00:00,OLT-SUL-03,-22.81,88.6,UP
2026-03-07 05:00:00,OLT-LESTE-04,-23.35,59.2,UP
2026-03-07 05:00:00,OLT-OESTE-05,-19.43,67.7,UP
2026-03-07 06:00:00,OLT-CENTRO-01,-20.31,175.7,UP
2026-03-07 06:00:00,OLT-NORTE-02,-21.55,113.7,UP
2026-03-07 06:00:00,OLT-SUL-03,-22.81,130.4,UP
2026-03-07 06:00:00,OLT-LESTE-04,-23.65,91.0,UP
2026-03-07 06:00:00,OLT-OESTE-05,-19.44,100.1,UP
2026-03-07 07:00:00,OLT-CENTRO-01,-20.45,261.7,UP
2026-03-07 07:00:00,OLT-NORTE-02,-21.97,195.9,UP
2026-03-07 07:00:00,OLT-SUL-03,-22.63,194.5,UP
2026-03-07 07:00:00,OLT-LESTE-04,-23.38,124.9,UP
2026-03-07 07:00:00,OLT-OESTE-05,-19.87,143.9,UP
2026-03-07 08:00:00,OLT-CENTRO-01,-20.64,373.7,UP
2026-03-07 08:00:00,OLT-NORTE-02,-21.93,232.4,UP
2026-03-07 08:00:00,OLT-SUL-03,-22.88,272.0,UP
2026-03-07 08:00:00,OLT-LESTE-04,-23.67,166.4,UP
2026-03-07 08:00:00,OLT-OESTE-05,-19.89,199.9,UP
2026-03-07 09:00:00,OLT-CENTRO-01,-20.27,435.3,UP
2026-03-07 09:00:00,OLT-NORTE-02,-22.06,262.8,UP
2026-03-07 09:00:00,OLT-SUL-03,-23.18,277.8,UP
2026-03-07 09:00:00,OLT-LESTE-04,-23.22,196.4,UP
2026-03-07 09:00:00,OLT-OESTE-05,-19.79,205.8,UP
2026-03-07 10:00:00,OLT-CENTRO-01,-20.27,476.1,UP
2026-03-07 10:00:00,OLT-NORTE-02,-21.64,294.6,UP
2026-03-07 10:00:00,OLT-SUL-03,-22.96,362.5,UP
2026-03-07 10:00:00,OLT-LESTE-04,-23.58,207.8,UP
2026-03-07 10:00:00,OLT-OESTE-05,-19.83,266.3,UP
2026-03-07 11:00:00,OLT-CENTRO-01,-20.79,471.8,UP
2026-03-07 11:00:00,OLT-NORTE-02,-21.78,299.8,UP
2026-03-07 11:00:00,OLT-SUL-03,-22.7,334.1,UP
2026-03-07 11:00:00,OLT-LESTE-04,-23.42,232.3,UP
2026-03-07 11:00:00,OLT-OESTE-05,-19.66,293.6,UP
2026-03-07 12:00:00,OLT-CENTRO-01,-20.48,518.1,UP
2026-03-07 12:00:00,OLT-NORTE-02,-21.81,323.4,UP
2026-03-07 12:00:00,OLT-SUL-03,-22.7,368.6,UP
2026-03-07 12:00:00,OLT-LESTE-04,-23.65,255.5,UP
2026-03-07 12:00:00,OLT-OESTE-05,-19.86,267.2,UP
2026-03-07 13:00:00,OLT-CENTRO-01,-20.25,463.9,UP
2026-03-07 13:00:00,OLT-NORTE-02,-21.95,320.5,UP
2026-03-07 13:00:00,OLT-SUL-03,-22.8,390.8,UP
2026-03-07 13:00:00,OLT-LESTE-04,-23.45,240.6,UP
2026-03-07 13:00:00,OLT-OESTE-05,-19.36,281.5,UP
2026-03-07 14:00:00,OLT-CENTRO-01,-20.2,545.5,UP
2026-03-07 14:00:00,OLT-NORTE-02,-21.88,312.4,UP
2026-03-07 14:00:00,OLT-SUL-03,-23.09,354.8,UP
2026-03-07 14:00:00,OLT-LESTE-04,-23.23,246.5,UP
2026-03-07 14:00:00,OLT-OESTE-05,-19.8,257.5,UP
2026-03-07 15:00:00,OLT-CENTRO-01,-20.69,531.8,UP
2026-03-07 15:00:00,OLT-NORTE-02,-21.6,356.8,UP
2026-03-07 15:00:00,OLT-SUL-03,-22.98,421.4,UP
2026-03-07 15:00:00,OLT-LESTE-04,-23.37,251.8,UP
2026-03-07 15:00:00,OLT-OESTE-05,-19.76,303.2,UP
2026-03-07 16:00:00,OLT-CENTRO-01,-20.49,587.7,UP
2026-03-07 16:00:00,OLT-NORTE-02,-21.67,360.7,UP
2026-03-07 16:00:00,OLT-SUL-03,-22.82,392.4,UP
2026-03-07 16:00:00,OLT-LESTE-04,-23.26,240.4,UP
2026-03-07 16:00:00,OLT-OESTE-05,-19.82,315.4,UP
2026-03-07 17:00:00,OLT-CENTRO-01,-20.45,674.4,UP
2026-03-07 17:00:00,OLT-NORTE-02,-21.85,385.6,UP
2026-03-07 17:00:00,OLT-SUL-03,-22.67,472.9,UP
2026-03-07 17:00:00,OLT-LESTE-04,-23.47,295.7,UP
2026-03-07 17:00:00,OLT-OESTE-05,-19.7,314.9,UP
2026-03-07 18:00:00,OLT-CENTRO-01,-20.37,746.0,UP
2026-03-07 18:00:00,OLT-NORTE-02,-21.88,439.6,UP
2026-03-07 18:00:00,OLT-SUL-03,-22.81,515.9,UP
2026-03-07 18:00:00,OLT-LESTE-04,-23.1,325.6,UP
2026-03-07 18:00:00,OLT-OESTE-05,-19.77,411.7,UP
2026-03-07 19:00:00,OLT-CENTRO-01,-20.38,882.7,UP
2026-03-07 19:00:00,OLT-NORTE-02,-21.89,556.3,UP
2026-03-07 19:00:00,OLT-SUL-03,-23.19,596.9,UP
2026-03-07 19:00:00,OLT-LESTE-04,-23.51,368.1,UP
2026-03-07 19:00:00,OLT-OESTE-05,-19.71,414.8,UP
2026-03-07 20:00:00,OLT-CENTRO-01,-20.23,908.8,UP
2026-03-07 20:00:00,OLT-NORTE-02,-21.88,541.6,UP
2026-03-07 20:00:00,OLT-SUL-03,-23.13,637.6,UP
2026-03-07 20:00:00,OLT-LESTE-04,-23.13,431.9,UP
2026-03-07 20:00:00,OLT-OESTE-05,-19.7,516.3,UP
2026-03-07 21:00:00,OLT-CENTRO-01,-20.3,852.9,UP
2026-03-07 21:00:00,OLT-NORTE-02,-21.87,647.0,UP
2026-03-07 21:00:00,OLT-SUL-03,-22.88,734.8,UP
2026-03-07 21:00:00,OLT-LESTE-04,-23.61,390.8,UP
2026-03-07 21:00:00,OLT-OESTE-05,-19.37,493.6,UP
2026-03-07 22:00:00,OLT-CENTRO-01,-20.78,755.9,UP
2026-03-07 22:00:00,OLT-NORTE-02,-21.66,474.3,UP
2026-03-07 22:00:00,OLT-SUL-03,-23.01,551.5,UP
2026-03-07 22:00:00,OLT-LESTE-04,-23.28,341.4,UP
2026-03-07 22:00:00,OLT-OESTE-05,-19.8,398.8,UP
2026-03-07 23:00:00,OLT-CENTRO-01,-20.22,548.8,UP
2026-03-07 23:00:00,OLT-NORTE-02,-21.98,339.3,UP
2026-03-07 23:00:00,OLT-SUL-03,-23.13,399.0,UP
2026-03-07 23:00:00,OLT-LESTE-04,-23.27,259.5,UP
2026-03-07 23:00:00,OLT-OESTE-05,-19.48,292.0,UP
2026-03-08 00:00:00,OLT-CENTRO-01,-20.48,285.3,UP
2026-03-08 00:00:00,OLT-NORTE-02,-21.83,193.8,UP
2026-03-08 00:00:00,OLT-SUL-03,-23.2,253.0,UP
2026-03-08 00:00:00,OLT-LESTE-04,-23.11,152.0,UP
2026-03-08 00:00:00,OLT-OESTE-05,-19.55,161.8,UP
2026-03-08 01:00:00,OLT-CENTRO-01,-20.45,221.6,UP
2026-03-08 01:00:00,OLT-NORTE-02,-21.94,142.7,UP
2026-03-08 01:00:00,OLT-SUL-03,-22.83,164.0,UP
2026-03-08 01:00:00,OLT-LESTE-04,-23.18,107.8,UP
2026-03-08 01:00:00,OLT-OESTE-05,-19.67,122.9,UP
2026-03-08 02:00:00,OLT-CENTRO-01,-20.34,152.5,UP
2026-03-08 02:00:00,OLT-NORTE-02,-21.55,97.1,UP
2026-03-08 02:00:00,OLT-SUL-03,-23.09,108.8,UP
2026-03-08 02:00:00,OLT-LESTE-04,-23.5,75.4,UP
2026-03-08 02:00:00,OLT-OESTE-05,-19.62,85.8,UP
2026-03-08 03:00:00,OLT-CENTRO-01,-20.74,127.5,UP
2026-03-08 03:00:00,OLT-NORTE-02,-21.58,89.0,UP
2026-03-08 03:00:00,OLT-SUL-03,-22.95,92.0,UP
2026-03-08 03:00:00,OLT-LESTE-04,-23.48,59.4,UP
2026-03-08 03:00:00,OLT-OESTE-05,-19.32,72.8,UP
2026-03-08 04:00:00,OLT-CENTRO-01,-20.25,115.7,UP
2026-03-08 04:00:00,OLT-NORTE-02,-22.02,66.2,UP
2026-03-08 04:00:00,OLT-SUL-03,-23.01,85.5,UP
2026-03-08 04:00:00,OLT-LESTE-04,-23.65,53.5,UP
2026-03-08 04:00:00,OLT-OESTE-05,-19.88,58.1,UP
2026-03-08 05:00:00,OLT-CENTRO-01,-20.32,121.2,UP
2026-03-08 05:00:00,OLT-NORTE-02,-21.78,82.0,UP
2026-03-08 05:00:00,OLT-SUL-03,-22.91,80.6,UP
2026-03-08 05:00:00,OLT-LESTE-04,-23.4,54.6,UP
2026-03-08 05:00:00,OLT-OESTE-05,-19.6,67.0,UP
2026-03-08 06:00:00,OLT-CENTRO-01,-20.22,189.4,UP
2026-03-08 06:00:00,OLT-NORTE-02,-21.7,114.6,UP
2026-03-08 06:00:00,OLT-SUL-03,-23.2,145.7,UP
2026-03-08 06:00:00,OLT-LESTE-04,-23.63,86.5,UP
2026-03-08 06:00:00,OLT-OESTE-05,-19.73,103.7,UP
2026-03-08 07:00:00,OLT-CENTRO-01,-20.61,262.0,UP
2026-03-08 07:00:00,OLT-NORTE-02,-21.74,192.6,UP
2026-03-08 07:00:00,OLT-SUL-03,-23.11,194.6,UP
2026-03-08 07:00:00,OLT-LESTE-04,-23.21,132.0,UP
2026-03-08 07:00:00,OLT-OESTE-05,-19.76,151.8,UP
2026-03-08 08:00:00,OLT-CENTRO-01,-20.5,345.1,UP
2026-03-08 08:00:00,OLT-NORTE-02,-21.83,245.1,UP
2026-03-08 08:00:00,OLT-SUL-03,-23.07,242.7,UP
2026-03-08 08:00:00,OLT-LESTE-04,-23.34,154.1,UP
2026-03-08 08:00:00,OLT-OESTE-05,-19.4,184.0,UP
2026-03-08 09:00:00,OLT-CENTRO-01,-20.56,389.7,UP
2026-03-08 09:00:00,OLT-NORTE-02,-21.59,279.1,UP
2026-03-08 09:00:00,OLT-SUL-03,-22.91,283.8,UP
2026-03-08 09:00:00,OLT-LESTE-04,-23.37,180.3,UP
2026-03-08 09:00:00,OLT-OESTE-05,-19.74,244.7,UP
2026-03-08 10:00:00,OLT-CENTRO-01,-20.65,479.4,UP
2026-03-08 10:00:00,OLT-NORTE-02,-21.73,321.8,UP
2026-03-08 10:00:00,OLT-SUL-03,-23.19,315.9,UP
2026-03-08 10:00:00,OLT-LESTE-04,-23.3,227.3,UP
2026-03-08 10:00:00,OLT-OESTE-05,-19.68,228.7,UP
2026-03-08 11:00:00,OLT-CENTRO-01,-20.29,498.9,UP
2026-03-08 11:00:00,OLT-NORTE-02,-21.58,311.2,UP
2026-03-08 11:00:00,OLT-SUL-03,-23.34,375.4,UP
2026-03-08 11:00:00,OLT-LESTE-04,-23.28,216.6,UP
2026-03-08 11:00:00,OLT-OESTE-05,-19.38,257.1,UP
2026-03-08 12:00:00,OLT-CENTRO-01,-20.79,532.3,UP
2026-03-08 12:00:00,OLT-NORTE-02,-21.65,314.3,UP
2026-03-08 12:00:00,OLT-SUL-03,-22.99,398.9,UP
2026-03-08 12:00:00,OLT-LESTE-04,-23.61,247.9,UP
2026-03-08 12:00:00,OLT-OESTE-05,-19.45,283.7,UP
2026-03-08 13:00:00,OLT-CENTRO-01,-20.73,460.5,UP
2026-03-08 13:00:00,OLT-NORTE-02,-21.69,310.0,UP
2026-03-08 13:00:00,OLT-SUL-03,-22.89,400.2,UP
2026-03-08 13:00:00,OLT-LESTE-04,-23.23,230.0,UP
2026-03-08 13:00:00,OLT-OESTE-05,-19.55,266.1,UP
2026-03-08 14:00:00,OLT-CENTRO-01,-20.34,463.6,UP
2026-03-08 14:00:00,OLT-NORTE-02,-22.01,324.7,UP
2026-03-08 14:00:00,OLT-SUL-03,-23.35,403.9,UP
2026-03-08 14:00:00,OLT-LESTE-04,-23.56,236.6,UP
2026-03-08 14:00:00,OLT-OESTE-05,-19.81,248.8,UP
2026-03-08 15:00:00,OLT-CENTRO-01,-20.73,546.0,UP
2026-03-08 15:00:00,OLT-NORTE-02,-21.58,365.7,UP
2026-03-08 15:00:00,OLT-SUL-03,-22.89,426.6,UP
2026-03-08 15:00:00,OLT-LESTE-04,-23.5,259.1,UP
2026-03-08 15:00:00,OLT-OESTE-05,-19.55,259.7,UP
2026-03-08 16:00:00,OLT-CENTRO-01,-20.67,594.1,UP
2026-03-08 16:00:00,OLT-NORTE-02,-21.79,393.2,UP
2026-03-08 16:00:00,OLT-SUL-03,-23.16,413.1,UP
2026-03-08 16:00:00,OLT-LESTE-04,-23.16,275.6,UP
2026-03-08 16:00:00,OLT-OESTE-05,-19.52,298.8,UP
2026-03-08 17:00:00,OLT-CENTRO-01,-20.63,623.5,UP
2026-03-08 17:00:00,OLT-NORTE-02,-21.96,380.7,UP
2026-03-08 17:00:00,OLT-SUL-03,-22.79,495.3,UP
2026-03-08 17:00:00,OLT-LESTE-04,-23.32,308.8,UP
2026-03-08 17:00:00,OLT-OESTE-05,-19.56,339.9,UP
2026-03-08 18:00:00,OLT-CENTRO-01,-20.64,704.7,UP
2026-03-08 18:00:00,OLT-NORTE-02,-21.81,498.9,UP
2026-03-08 18:00:00,OLT-SUL-03,-23.23,484.1,UP
2026-03-08 18:00:00,OLT-LESTE-04,-23.42,356.0,UP
2026-03-08 18:00:00,OLT-OESTE-05,-19.55,361.2,UP
2026-03-08 19:00:00,OLT-CENTRO-01,-20.67,867.6,UP
2026-03-08 19:00:00,OLT-NORTE-02,-21.61,499.2,UP
2026-03-08 19:00:00,OLT-SUL-03,-23.1,607.5,UP
2026-03-08 19:00:00,OLT-LESTE-04,-23.65,393.5,UP
2026-03-08 19:00:00,OLT-OESTE-05,-19.84,401.6,UP
2026-03-08 20:00:00,OLT-CENTRO-01,-20.52,825.1,UP
2026-03-08 20:00:00,OLT-NORTE-02,-21.55,618.1,UP
2026-03-08 20:00:00,OLT-SUL-03,-23.02,646.6,UP
2026-03-08 20:00:00,OLT-LESTE-04,-23.38,440.1,UP
2026-03-08 20:00:00,OLT-OESTE-05,-19.31,523.5,UP
2026-03-08 21:00:00,OLT-CENTRO-01,-20.7,871.0,UP
2026-03-08 21:00:00,OLT-NORTE-02,-21.55,647.5,UP
2026-03-08 21:00:00,OLT-SUL-03,-23.15,688.8,UP
2026-03-08 21:00:00,OLT-LESTE-04,-23.11,447.9,UP
2026-03-08 21:00:00,OLT-OESTE-05,-19.63,493.9,UP
2026-03-08 22:00:00,OLT-CENTRO-01,-20.51,815.2,UP
2026-03-08 22:00:00,OLT-NORTE-02,-21.62,475.0,UP
2026-03-08 22:00:00,OLT-SUL-03,-23.12,616.1,UP
2026-03-08 22:00:00,OLT-LESTE-04,-23.25,357.7,UP
2026-03-08 22:00:00,OLT-OESTE-05,-19.37,459.8,UP
2026-03-08 23:00:00,OLT-CENTRO-01,-20.74,562.3,UP
2026-03-08 23:00:00,OLT-NORTE-02,-22.02,343.2,UP
2026-03-08 23:00:00,OLT-SUL-03,-23.11,363.3,UP
2026-03-08 23:00:00,OLT-LESTE-04,-23.54,228.7,UP
2026-03-08 23:00:00,OLT-OESTE-05,-19.58,316.4,UP
2026-03-09 00:00:00,OLT-CENTRO-01,-20.35,298.6,UP
2026-03-09 00:00:00,OLT-NORTE-02,-21.9,198.7,UP
2026-03-09 00:00:00,OLT-SUL-03,-23.19,221.7,UP
2026-03-09 00:00:00,OLT-LESTE-04,-23.12,124.0,UP
2026-03-09 00:00:00,OLT-OESTE-05,-19.42,142.0,UP
2026-03-09 01:00:00,OLT-CENTRO-01,-20.59,223.4,UP
2026-03-09 01:00:00,OLT-NORTE-02,-21.93,125.0,UP
2026-03-09 01:00:00,OLT-SUL-03,-23.16,155.7,UP
2026-03-09 01:00:00,OLT-LESTE-04,-23.29,88.4,UP
2026-03-09 01:00:00,OLT-OESTE-05,-19.43,114.1,UP
2026-03-09 02:00:00,OLT-CENTRO-01,-20.24,150.8,UP
2026-03-09 02:00:00,OLT-NORTE-02,-21.97,93.4,UP
2026-03-09 02:00:00,OLT-SUL-03,-23.21,112.3,UP
2026-03-09 02:00:00,OLT-LESTE-04,-23.25,71.5,UP
2026-03-09 02:00:00,OLT-OESTE-05,-19.43,85.0,UP
2026-03-09 03:00:00,OLT-CENTRO-01,-20.67,117.3,UP
2026-03-09 03:00:00,OLT-NORTE-02,,0.0,DOWN
2026-03-09 03:00:00,OLT-SUL-03,-23.32,91.5,UP
2026-03-09 03:00:00,OLT-LESTE-04,-23.68,48.7,UP
2026-03-09 03:00:00,OLT-OESTE-05,-19.88,65.7,UP
2026-03-09 04:00:00,OLT-CENTRO-01,-20.29,99.0,UP
2026-03-09 04:00:00,OLT-NORTE-02,,0.0,DOWN
2026-03-09 04:00:00,OLT-SUL-03,-23.08,73.9,UP
2026-03-09 04:00:00,OLT-LESTE-04,-23.45,45.1,UP
2026-03-09 04:00:00,OLT-OESTE-05,-19.66,50.7,UP
2026-03-09 05:00:00,OLT-CENTRO-01,-20.77,110.6,UP
2026-03-09 05:00:00,OLT-NORTE-02,-22.04,70.8,UP
2026-03-09 05:00:00,OLT-SUL-03,-23.08,77.6,UP
2026-03-09 05:00:00,OLT-LESTE-04,-23.35,47.8,UP
2026-03-09 05:00:00,OLT-OESTE-05,-19.35,58.5,UP
2026-03-09 06:00:00,OLT-CENTRO-01,-20.78,152.6,UP
2026-03-09 06:00:00,OLT-NORTE-02,-21.57,105.6,UP
2026-03-09 06:00:00,OLT-SUL-03,-23.2,114.3,UP
2026-03-09 06:00:00,OLT-LESTE-04,-23.24,72.7,UP
2026-03-09 06:00:00,OLT-OESTE-05,-19.49,88.5,UP
2026-03-09 07:00:00,OLT-CENTRO-01,-20.47,252.6,UP
2026-03-09 07:00:00,OLT-NORTE-02,-21.7,166.4,UP
2026-03-09 07:00:00,OLT-SUL-03,-23.27,185.8,UP
2026-03-09 07:00:00,OLT-LESTE-04,-23.18,124.4,UP
2026-03-09 07:00:00,OLT-OESTE-05,-19.76,134.8,UP
2026-03-09 08:00:00,OLT-CENTRO-01,-20.43,305.8,UP
2026-03-09 08:00:00,OLT-NORTE-02,-21.71,230.9,UP
2026-03-09 08:00:00,OLT-SUL-03,-23.0,262.7,UP
2026-03-09 08:00:00,OLT-LESTE-04,-23.11,149.6,UP
2026-03-09 08:00:00,OLT-OESTE-05,-19.31,170.4,UP
2026-03-09 09:00:00,OLT-CENTRO-01,-20.27,343.0,UP
2026-03-09 09:00:00,OLT-NORTE-02,-22.04,221.8,UP
2026-03-09 09:00:00,OLT-SUL-03,-23.18,300.2,UP
2026-03-09 09:00:00,OLT-LESTE-04,-23.29,155.9,UP
2026-03-09 09:00:00,OLT-OESTE-05,-19.86,207.6,UP
2026-03-09 10:00:00,OLT-CENTRO-01,-20.72,426.2,UP
2026-03-09 10:00:00,OLT-NORTE-02,-22.04,249.1,UP
2026-03-09 10:00:00,OLT-SUL-03,-23.33,308.2,UP
2026-03-09 10:00:00,OLT-LESTE-04,-23.33,198.5,UP
2026-03-09 10:00:00,OLT-OESTE-05,-19.4,215.2,UP
2026-03-09 11:00:00,OLT-CENTRO-01,-20.45,494.0,UP
2026-03-09 11:00:00,OLT-NORTE-02,-21.99,272.8,UP
2026-03-09 11:00:00,OLT-SUL-03,-23.43,310.1,UP
2026-03-09 11:00:00,OLT-LESTE-04,-23.32,194.8,UP
2026-03-09 11:00:00,OLT-OESTE-05,-19.64,257.1,UP
2026-03-09 12:00:00,OLT-CENTRO-01,-20.58,456.0,UP
2026-03-09 12:00:00,OLT-NORTE-02,-21.72,329.1,UP
2026-03-09 12:00:00,OLT-SUL-03,-23.3,360.1,UP
2026-03-09 12:00:00,OLT-LESTE-04,-23.5,226.9,UP
2026-03-09 12:00:00,OLT-OESTE-05,-19.62,264.3,UP
2026-03-09 13:00:00,OLT-CENTRO-01,-20.79,408.4,UP
2026-03-09 13:00:00,OLT-NORTE-02,-21.79,292.8,UP
2026-03-09 13:00:00,OLT-SUL-03,-23.08,307.8,UP
2026-03-09 13:00:00,OLT-LESTE-04,-23.59,205.3,UP
2026-03-09 13:00:00,OLT-OESTE-05,-19.75,227.8,UP
2026-03-09 14:00:00,OLT-CENTRO-01,-20.74,478.3,UP
2026-03-09 14:00:00,OLT-NORTE-02,-21.72,302.2,UP
2026-03-09 14:00:00,OLT-SUL-03,-23.09,313.0,UP
2026-03-09 14:00:00,OLT-LESTE-04,-23.46,189.2,UP
2026-03-09 14:00:00,OLT-OESTE-05,-19.56,255.3,UP
2026-03-09 15:00:00,OLT-CENTRO-01,-20.5,465.6,UP
2026-03-09 15:00:00,OLT-NORTE-02,-21.93,324.7,UP
2026-03-09 15:00:00,OLT-SUL-03,-23.45,366.5,UP
2026-03-09 15:00:00,OLT-LESTE-04,-23.68,221.1,UP
2026-03-09 15:00:00,OLT-OESTE-05,-19.68,285.0,UP
2026-03-09 16:00:00,OLT-CENTRO-01,-20.79,554.0,UP
2026-03-09 16:00:00,OLT-NORTE-02,-21.87,314.9,UP
2026-03-09 16:00:00,OLT-SUL-03,-23.05,392.1,UP
2026-03-09 16:00:00,OLT-LESTE-04,-23.59,255.4,UP
2026-03-09 16:00:00,OLT-OESTE-05,-19.51,255.0,UP
2026-03-09 17:00:00,OLT-CENTRO-01,-20.46,623.5,UP
2026-03-09 17:00:00,OLT-NORTE-02,-21.55,407.6,UP
2026-03-09 17:00:00,OLT-SUL-03,-23.21,438.5,UP
2026-03-09 17:00:00,OLT-LESTE-04,-23.57,263.0,UP
2026-03-09 17:00:00,OLT-OESTE-05,-19.76,305.4,UP
2026-03-09 18:00:00,OLT-CENTRO-01,-20.64,611.4,UP
2026-03-09 18:00:00,OLT-NORTE-02,-22.04,435.3,UP
2026-03-09 18:00:00,OLT-SUL-03,-23.27,519.7,UP
2026-03-09 18:00:00,OLT-LESTE-04,-23.53,297.7,UP
2026-03-09 18:00:00,OLT-OESTE-05,-19.6,354.7,UP
2026-03-09 19:00:00,OLT-CENTRO-01,-20.35,719.2,UP
2026-03-09 19:00:00,OLT-NORTE-02,-21.92,466.6,UP
2026-03-09 19:00:00,OLT-SUL-03,-23.11,591.2,UP
2026-03-09 19:00:00,OLT-LESTE-04,-23.49,347.1,UP
2026-03-09 19:00:00,OLT-OESTE-05,-19.38,386.2,UP
2026-03-09 20:00:00,OLT-CENTRO-01,-20.78,756.1,UP
2026-03-09 20:00:00,OLT-NORTE-02,-21.8,516.8,UP
2026-03-09 20:00:00,OLT-SUL-03,-23.28,575.4,UP
2026-03-09 20:00:00,OLT-LESTE-04,-23.53,359.1,UP
2026-03-09 20:00:00,OLT-OESTE-05,-19.54,448.1,UP
2026-03-09 21:00:00,OLT-CENTRO-01,-20.41,850.4,UP
2026-03-09 21:00:00,OLT-NORTE-02,-21.67,590.1,UP
2026-03-09 21:00:00,OLT-SUL-03,-23.39,582.6,UP
2026-03-09 21:00:00,OLT-LESTE-04,-23.69,344.2,UP
2026-03-09 21:00:00,OLT-OESTE-05,-19.41,485.1,UP
2026-03-09 22:00:00,OLT-CENTRO-01,-20.61,652.9,UP
2026-03-09 22:00:00,OLT-NORTE-02,-21.64,439.1,UP
2026-03-09 22:00:00,OLT-SUL-03,-23.23,469.8,UP
2026-03-09 22:00:00,OLT-LESTE-04,-23.5,353.1,UP
2026-03-09 22:00:00,OLT-OESTE-05,-19.74,406.2,UP
2026-03-09 23:00:00,OLT-CENTRO-01,-20.44,492.9,UP
2026-03-09 23:00:00,OLT-NORTE-02,-21.77,322.1,UP
2026-03-09 23:00:00,OLT-SUL-03,-23.04,363.8,UP
2026-03-09 23:00:00,OLT-LESTE-04,-23.44,231.7,UP
2026-03-09 23:00:00,OLT-OESTE-05,-19.68,249.4,UP
2026-03-10 00:00:00,OLT-CENTRO-01,-20.27,295.8,UP
2026-03-10 00:00:00,OLT-NORTE-02,-21.77,194.9,UP
2026-03-10 00:00:00,OLT-SUL-03,-23.42,222.8,UP
2026-03-10 00:00:00,OLT-LESTE-04,-23.66,128.1,UP
2026-03-10 00:00:00,OLT-OESTE-05,-19.48,152.1,UP
2026-03-10 01:00:00,OLT-CENTRO-01,-20.42,224.9,UP
2026-03-10 01:00:00,OLT-NORTE-02,-21.59,131.8,UP
2026-03-10 01:00:00,OLT-SUL-03,-23.36,148.4,UP
2026-03-10 01:00:00,OLT-LESTE-04,-23.18,94.7,UP
2026-03-10 01:00:00,OLT-OESTE-05,-19.89,112.5,UP
2026-03-10 02:00:00,OLT-CENTRO-01,-20.79,162.1,UP
2026-03-10 02:00:00,OLT-NORTE-02,-21.98,96.5,UP
2026-03-10 02:00:00,OLT-SUL-03,-23.53,102.7,UP
2026-03-10 02:00:00,OLT-LESTE-04,-23.51,64.1,UP
2026-03-10 02:00:00,OLT-OESTE-05,-19.61,79.2,UP
2026-03-10 03:00:00,OLT-CENTRO-01,-20.8,104.7,UP
2026-03-10 03:00:00,OLT-NORTE-02,-21.97,76.1,UP
2026-03-10 03:00:00,OLT-SUL-03,-23.36,82.5,UP
2026-03-10 03:00:00,OLT-LESTE-04,-23.55,55.6,UP
2026-03-10 03:00:00,OLT-OESTE-05,-19.55,58.5,UP
2026-03-10 04:00:00,OLT-CENTRO-01,-20.79,98.7,UP
2026-03-10 04:00:00,OLT-NORTE-02,-21.92,68.8,UP
2026-03-10 04:00:00,OLT-SUL-03,-23.06,79.7,UP
2026-03-10 04:00:00,OLT-LESTE-04,-23.49,42.5,UP
2026-03-10 04:00:00,OLT-OESTE-05,-19.55,55.3,UP
2026-03-10 05:00:00,OLT-CENTRO-01,-20.77,100.1,UP
2026-03-10 05:00:00,OLT-NORTE-02,-21.7,74.8,UP
2026-03-10 05:00:00,OLT-SUL-03,-23.47,72.0,UP
2026-03-10 05:00:00,OLT-LESTE-04,-23.27,45.8,UP
2026-03-10 05:00:00,OLT-OESTE-05,-19.62,57.6,UP
2026-03-10 06:00:00,OLT-CENTRO-01,-20.74,158.5,UP
2026-03-10 06:00:00,OLT-NORTE-02,-21.96,105.5,UP
2026-03-10 06:00:00,OLT-SUL-03,-23.28,111.0,UP
2026-03-10 06:00:00,OLT-LESTE-04,-23.6,81.9,UP
2026-03-10 06:00:00,OLT-OESTE-05,-19.77,94.9,UP
2026-03-10 07:00:00,OLT-CENTRO-01,-20.47,270.2,UP
2026-03-10 07:00:00,OLT-NORTE-02,-21.67,175.0,UP
2026-03-10 07:00:00,OLT-SUL-03,-23.53,197.5,UP
2026-03-10 07:00:00,OLT-LESTE-04,-23.18,107.3,UP
2026-03-10 07:00:00,OLT-OESTE-05,-19.34,136.8,UP
2026-03-10 08:00:00,OLT-CENTRO-01,-20.36,307.1,UP
2026-03-10 08:00:00,OLT-NORTE-02,-22.07,228.5,UP
2026-03-10 08:00:00,OLT-SUL-03,-23.59,243.9,UP
2026-03-10 08:00:00,OLT-LESTE-04,-23.25,143.0,UP
2026-03-10 08:00:00,OLT-OESTE-05,-19.87,176.3,UP
2026-03-10 09:00:00,OLT-CENTRO-01,-20.75,379.8,UP
2026-03-10 09:00:00,OLT-NORTE-02,-21.75,236.8,UP
2026-03-10 09:00:00,OLT-SUL-03,-23.44,284.1,UP
2026-03-10 09:00:00,OLT-LESTE-04,-23.45,186.2,UP
2026-03-10 09:00:00,OLT-OESTE-05,-19.55,201.8,UP
2026-03-10 10:00:00,OLT-CENTRO-01,-20.49,424.0,UP
2026-03-10 10:00:00,OLT-NORTE-02,-21.72,274.3,UP
2026-03-10 10:00:00,OLT-SUL-03,-23.29,307.0,UP
2026-03-10 10:00:00,OLT-LESTE-04,-23.33,173.8,UP
2026-03-10 10:00:00,OLT-OESTE-05,-19.86,221.1,UP
2026-03-10 11:00:00,OLT-CENTRO-01,-20.48,453.9,UP
2026-03-10 11:00:00,OLT-NORTE-02,-21.97,321.5,UP
2026-03-10 11:00:00,OLT-SUL-03,-23.2,331.1,UP
2026-03-10 11:00:00,OLT-LESTE-04,-23.18,229.0,UP
2026-03-10 11:00:00,OLT-OESTE-05,-19.61,264.9,UP
2026-03-10 12:00:00,OLT-CENTRO-01,-20.78,521.0,UP
2026-03-10 12:00:00,OLT-NORTE-02,-21.53,297.0,UP
2026-03-10 12:00:00,OLT-SUL-03,-23.06,338.3,UP
2026-03-10 12:00:00,OLT-LESTE-04,-23.42,202.8,UP
2026-03-10 12:00:00,OLT-OESTE-05,-19.43,269.7,UP
2026-03-10 13:00:00,OLT-CENTRO-01,-20.47,458.7,UP
2026-03-10 13:00:00,OLT-NORTE-02,-21.81,323.7,UP
2026-03-10 13:00:00,OLT-SUL-03,-23.58,348.3,UP
2026-03-10 13:00:00,OLT-LESTE-04,-23.15,195.4,UP
2026-03-10 13:00:00,OLT-OESTE-05,-19.41,238.2,UP
2026-03-10 14:00:00,OLT-CENTRO-01,-20.62,474.8,UP
2026-03-10 14:00:00,OLT-NORTE-02,-21.8,316.8,UP
2026-03-10 14:00:00,OLT-SUL-03,-23.29,356.5,UP
2026-03-10 14:00:00,OLT-LESTE-04,-23.18,208.8,UP
2026-03-10 14:00:00,OLT-OESTE-05,-19.55,267.3,UP
2026-03-10 15:00:00,OLT-CENTRO-01,-20.76,470.8,UP
2026-03-10 15:00:00,OLT-NORTE-02,-22.04,295.9,UP
2026-03-10 15:00:00,OLT-SUL-03,-23.64,330.7,UP
2026-03-10 15:00:00,OLT-LESTE-04,-23.36,214.3,UP
2026-03-10 15:00:00,OLT-OESTE-05,-19.38,282.7,UP
2026-03-10 16:00:00,OLT-CENTRO-01,-20.37,495.4,UP
2026-03-10 16:00:00,OLT-NORTE-02,-22.04,338.1,UP
2026-03-10 16:00:00,OLT-SUL-03,-23.12,350.1,UP
2026-03-10 16:00:00,OLT-LESTE-04,-23.46,253.6,UP
2026-03-10 16:00:00,OLT-OESTE-05,-19.69,273.0,UP
2026-03-10 17:00:00,OLT-CENTRO-01,-20.3,565.7,UP
2026-03-10 17:00:00,OLT-NORTE-02,-22.06,351.5,UP
2026-03-10 17:00:00,OLT-SUL-03,-23.55,406.3,UP
2026-03-10 17:00:00,OLT-LESTE-04,-23.63,257.8,UP
2026-03-10 17:00:00,OLT-OESTE-05,-19.34,317.0,UP
2026-03-10 18:00:00,OLT-CENTRO-01,-20.47,618.8,UP
2026-03-10 18:00:00,OLT-NORTE-02,-21.51,451.7,UP
2026-03-10 18:00:00,OLT-SUL-03,-23.62,492.9,UP
2026-03-10 18:00:00,OLT-LESTE-04,-23.48,311.6,UP
2026-03-10 18:00:00,OLT-OESTE-05,-19.86,356.2,UP
2026-03-10 19:00:00,OLT-CENTRO-01,-20.57,806.2,UP
2026-03-10 19:00:00,OLT-NORTE-02,-21.69,514.8,UP
2026-03-10 19:00:00,OLT-SUL-03,-23.18,581.7,UP
2026-03-10 19:00:00,OLT-LESTE-04,-23.61,310.5,UP
2026-03-10 19:00:00,OLT-OESTE-05,-19.8,441.0,UP
2026-03-10 20:00:00,OLT-CENTRO-01,-20.79,854.7,UP
2026-03-10 20:00:00,OLT-NORTE-02,-21.74,498.3,UP
2026-03-10 20:00:00,OLT-SUL-03,-23.63,547.7,UP
2026-03-10 20:00:00,OLT-LESTE-04,-23.33,335.2,UP
2026-03-10 20:00:00,OLT-OESTE-05,-19.76,435.1,UP
2026-03-10 21:00:00,OLT-CENTRO-01,-20.3,743.4,UP
2026-03-10 21:00:00,OLT-NORTE-02,-21.78,503.5,UP
2026-03-10 21:00:00,OLT-SUL-03,-23.49,621.7,UP
2026-03-10 21:00:00,OLT-LESTE-04,-23.33,392.5,UP
2026-03-10 21:00:00,OLT-OESTE-05,-19.5,418.7,UP
2026-03-10 22:00:00,OLT-CENTRO-01,-20.78,643.3,UP
2026-03-10 22:00:00,OLT-NORTE-02,-22.03,441.6,UP
2026-03-10 22:00:00,OLT-SUL-03,-23.63,557.8,UP
2026-03-10 22:00:00,OLT-LESTE-04,-23.53,337.7,UP
2026-03-10 22:00:00,OLT-OESTE-05,-19.63,347.5,UP
2026-03-10 23:00:00,OLT-CENTRO-01,-20.39,533.5,UP
2026-03-10 23:00:00,OLT-NORTE-02,-22.01,340.9,UP
2026-03-10 23:00:00,OLT-SUL-03,-23.58,334.6,UP
2026-03-10 23:00:00,OLT-LESTE-04,-23.21,240.5,UP
2026-03-10 23:00:00,OLT-OESTE-05,-19.67,293.9,UP
2026-03-11 00:00:00,OLT-CENTRO-01,-20.55,296.3,UP
2026-03-11 00:00:00,OLT-NORTE-02,-21.66,199.5,UP
2026-03-11 00:00:00,OLT-SUL-03,-23.53,197.1,UP
2026-03-11 00:00:00,OLT-LESTE-04,-23.31,128.8,UP
2026-03-11 00:00:00,OLT-OESTE-05,-19.41,173.1,UP
2026-03-11 01:00:00,OLT-CENTRO-01,-20.68,186.2,UP
2026-03-11 01:00:00,OLT-NORTE-02,-21.74,143.6,UP
2026-03-11 01:00:00,OLT-SUL-03,-23.26,163.7,UP
2026-03-11 01:00:00,OLT-LESTE-04,-23.32,91.4,UP
2026-03-11 01:00:00,OLT-OESTE-05,-19.46,110.9,UP
2026-03-11 02:00:00,OLT-CENTRO-01,-20.59,157.9,UP
2026-03-11 02:00:00,OLT-NORTE-02,-21.89,89.3,UP
2026-03-11 02:00:00,OLT-SUL-03,-23.54,110.7,UP
2026-03-11 02:00:00,OLT-LESTE-04,-23.19,63.6,UP
2026-03-11 02:00:00,OLT-OESTE-05,-19.87,80.6,UP
2026-03-11 03:00:00,OLT-CENTRO-01,-20.47,110.6,UP
2026-03-11 03:00:00,OLT-NORTE-02,-21.54,68.5,UP
2026-03-11 03:00:00,OLT-SUL-03,-23.72,81.5,UP
2026-03-11 03:00:00,OLT-LESTE-04,-23.47,48.2,UP
2026-03-11 03:00:00,OLT-OESTE-05,-19.63,67.6,UP
2026-03-11 04:00:00,OLT-CENTRO-01,-20.75,91.5,UP
2026-03-11 04:00:00,OLT-NORTE-02,-21.92,64.7,UP
2026-03-11 04:00:00,OLT-SUL-03,-23.69,70.7,UP
2026-03-11 04:00:00,OLT-LESTE-04,-23.66,42.7,UP
2026-03-11 04:00:00,OLT-OESTE-05,-19.68,52.9,UP
2026-03-11 05:00:00,OLT-CENTRO-01,-20.57,107.6,UP
2026-03-11 05:00:00,OLT-NORTE-02,-21.58,74.1,UP
2026-03-11 05:00:00,OLT-SUL-03,-23.37,78.9,UP
2026-03-11 05:00:00,OLT-LESTE-04,-23.19,45.2,UP
2026-03-11 05:00:00,OLT-OESTE-05,-19.54,62.8,UP
2026-03-11 06:00:00,OLT-CENTRO-01,-20.69,165.3,UP
2026-03-11 06:00:00,OLT-NORTE-02,-21.7,100.8,UP
2026-03-11 06:00:00,OLT-SUL-03,-23.23,127.8,UP
2026-03-11 06:00:00,OLT-LESTE-04,-23.68,79.3,UP
2026-03-11 06:00:00,OLT-OESTE-05,,0.0,DOWN
2026-03-11 07:00:00,OLT-CENTRO-01,-20.39,221.8,UP
2026-03-11 07:00:00,OLT-NORTE-02,-21.97,157.4,UP
2026-03-11 07:00:00,OLT-SUL-03,-23.46,171.2,UP
2026-03-11 07:00:00,OLT-LESTE-04,-23.56,118.0,UP
2026-03-11 07:00:00,OLT-OESTE-05,-19.68,142.6,UP
2026-03-11 08:00:00,OLT-CENTRO-01,-20.46,299.9,UP
2026-03-11 08:00:00,OLT-NORTE-02,-21.96,229.0,UP
2026-03-11 08:00:00,OLT-SUL-03,-23.38,227.3,UP
2026-03-11 08:00:00,OLT-LESTE-04,-23.52,151.5,UP
2026-03-11 08:00:00,OLT-OESTE-05,-19.47,188.9,UP
2026-03-11 09:00:00,OLT-CENTRO-01,-20.73,348.8,UP
2026-03-11 09:00:00,OLT-NORTE-02,-21.89,240.1,UP
2026-03-11 09:00:00,OLT-SUL-03,-23.21,281.0,UP
2026-03-11 09:00:00,OLT-LESTE-04,-23.32,161.7,UP
2026-03-11 09:00:00,OLT-OESTE-05,-19.74,203.0,UP
2026-03-11 10:00:00,OLT-CENTRO-01,-20.64,385.3,UP
2026-03-11 10:00:00,OLT-NORTE-02,-21.81,281.3,UP
2026-03-11 10:00:00,OLT-SUL-03,-23.3,316.2,UP
2026-03-11 10:00:00,OLT-LESTE-04,-23.3,188.9,UP
2026-03-11 10:00:00,OLT-OESTE-05,-19.68,240.9,UP
2026-03-11 11:00:00,OLT-CENTRO-01,-20.72,487.8,UP
2026-03-11 11:00:00,OLT-NORTE-02,-21.95,292.0,UP
2026-03-11 11:00:00,OLT-SUL-03,-23.55,308.7,UP
2026-03-11 11:00:00,OLT-LESTE-04,-23.14,201.7,UP
2026-03-11 11:00:00,OLT-OESTE-05,-19.77,262.6,UP
2026-03-11 12:00:00,OLT-CENTRO-01,-20.74,443.0,UP
2026-03-11 12:00:00,OLT-NORTE-02,-21.72,310.5,UP
2026-03-11 12:00:00,OLT-SUL-03,-23.27,362.6,UP
2026-03-11 12:00:00,OLT-LESTE-04,-23.13,240.6,UP
2026-03-11 12:00:00,OLT-OESTE-05,-19.56,252.8,UP
2026-03-11 13:00:00,OLT-CENTRO-01,-20.43,439.1,UP
2026-03-11 13:00:00,OLT-NORTE-02,-22.05,324.4,UP
2026-03-11 13:00:00,OLT-SUL-03,-23.22,366.7,UP
2026-03-11 13:00:00,OLT-LESTE-04,-23.27,220.3,UP
2026-03-11 13:00:00,OLT-OESTE-05,-19.66,262.0,UP
2026-03-11 14:00:00,OLT-CENTRO-01,-20.6,453.4,UP
2026-03-11 14:00:00,OLT-NORTE-02,-21.6,286.1,UP
2026-03-11 14:00:00,OLT-SUL-03,-23.79,348.9,UP
2026-03-11 14:00:00,OLT-LESTE-04,-23.46,208.3,UP
2026-03-11 14:00:00,OLT-OESTE-05,-19.75,232.5,UP
2026-03-11 15:00:00,OLT-CENTRO-01,-20.48,460.2,UP
2026-03-11 15:00:00,OLT-NORTE-02,-21.93,327.8,UP
2026-03-11 15:00:00,OLT-SUL-03,-23.65,374.5,UP
2026-03-11 15:00:00,OLT-LESTE-04,-23.41,237.2,UP
2026-03-11 15:00:00,OLT-OESTE-05,-19.81,275.0,UP
2026-03-11 16:00:00,OLT-CENTRO-01,-20.55,526.4,UP
2026-03-11 16:00:00,OLT-NORTE-02,-21.79,337.2,UP
2026-03-11 16:00:00,OLT-SUL-03,-23.24,348.6,UP
2026-03-11 16:00:00,OLT-LESTE-04,-23.66,218.5,UP
2026-03-11 16:00:00,OLT-OESTE-05,-19.58,283.3,UP
2026-03-11 17:00:00,OLT-CENTRO-01,-20.49,598.3,UP
2026-03-11 17:00:00,OLT-NORTE-02,-21.72,385.6,UP
2026-03-11 17:00:00,OLT-SUL-03,-23.58,451.0,UP
2026-03-11 17:00:00,OLT-LESTE-04,-23.11,253.7,UP
2026-03-11 17:00:00,OLT-OESTE-05,-19.83,338.1,UP
2026-03-11 18:00:00,OLT-CENTRO-01,-20.34,696.3,UP
2026-03-11 18:00:00,OLT-NORTE-02,-21.8,443.2,UP
2026-03-11 18:00:00,OLT-SUL-03,-23.23,491.8,UP
2026-03-11 18:00:00,OLT-LESTE-04,-23.28,301.1,UP
2026-03-11 18:00:00,OLT-OESTE-05,-19.85,329.6,UP
2026-03-11 19:00:00,OLT-CENTRO-01,-20.24,681.5,UP
2026-03-11 19:00:00,OLT-NORTE-02,-21.92,450.0,UP
2026-03-11 19:00:00,OLT-SUL-03,-23.48,499.8,UP
2026-03-11 19:00:00,OLT-LESTE-04,-23.44,354.8,UP
2026-03-11 19:00:00,OLT-OESTE-05,-19.62,368.5,UP
2026-03-11 20:00:00,OLT-CENTRO-01,-20.7,840.4,UP
2026-03-11 20:00:00,OLT-NORTE-02,-21.58,491.8,UP
2026-03-11 20:00:00,OLT-SUL-03,-23.57,564.5,UP
2026-03-11 20:00:00,OLT-LESTE-04,-23.48,366.6,UP
2026-03-11 20:00:00,OLT-OESTE-05,-19.46,464.8,UP
2026-03-11 21:00:00,OLT-CENTRO-01,-20.6,755.6,UP
2026-03-11 21:00:00,OLT-NORTE-02,-21.69,494.4,UP
2026-03-11 21:00:00,OLT-SUL-03,-23.54,654.2,UP
2026-03-11 21:00:00,OLT-LESTE-04,-23.37,367.7,UP
2026-03-11 21:00:00,OLT-OESTE-05,-19.47,457.9,UP
2026-03-11 22:00:00,OLT-CENTRO-01,-20.3,636.5,UP
2026-03-11 22:00:00,OLT-NORTE-02,-21.75,458.3,UP
2026-03-11 22:00:00,OLT-SUL-03,-23.64,520.3,UP
2026-03-11 22:00:00,OLT-LESTE-04,-23.28,350.9,UP
2026-03-11 22:00:00,OLT-OESTE-05,-19.83,382.9,UP
2026-03-11 23:00:00,OLT-CENTRO-01,-20.4,491.6,UP
2026-03-11 23:00:00,OLT-NORTE-02,-21.89,340.2,UP
2026-03-11 23:00:00,OLT-SUL-03,-23.74,334.8,UP
2026-03-11 23:00:00,OLT-LESTE-04,-23.46,214.6,UP
2026-03-11 23:00:00,OLT-OESTE-05,-19.32,260.1,UP
2026-03-12 00:00:00,OLT-CENTRO-01,-20.37,270.4,UP
2026-03-12 00:00:00,OLT-NORTE-02,-21.75,174.9,UP
2026-03-12 00:00:00,OLT-SUL-03,-23.56,196.8,UP
2026-03-12 00:00:00,OLT-LESTE-04,-23.2,125.9,UP
2026-03-12 00:00:00,OLT-OESTE-05,-19.6,169.4,UP
2026-03-12 01:00:00,OLT-CENTRO-01,-20.32,184.8,UP
2026-03-12 01:00:00,OLT-NORTE-02,-22.03,142.4,UP
2026-03-12 01:00:00,OLT-SUL-03,-23.81,140.0,UP
2026-03-12 01:00:00,OLT-LESTE-04,-23.48,96.3,UP
2026-03-12 01:00:00,OLT-OESTE-05,-19.56,118.9,UP
2026-03-12 02:00:00,OLT-CENTRO-01,-20.4,140.3,UP
2026-03-12 02:00:00,OLT-NORTE-02,-21.53,102.1,UP
2026-03-12 02:00:00,OLT-SUL-03,-23.78,118.1,UP
2026-03-12 02:00:00,OLT-LESTE-04,-23.36,62.7,UP
2026-03-12 02:00:00,OLT-OESTE-05,-19.36,82.7,UP
2026-03-12 03:00:00,OLT-CENTRO-01,-20.69,111.9,UP
2026-03-12 03:00:00,OLT-NORTE-02,-21.56,81.9,UP
2026-03-12 03:00:00,OLT-SUL-03,-23.37,77.6,UP
2026-03-12 03:00:00,OLT-LESTE-04,-23.2,56.2,UP
2026-03-12 03:00:00,OLT-OESTE-05,-19.33,69.1,UP
2026-03-12 04:00:00,OLT-CENTRO-01,-20.64,100.5,UP
2026-03-12 04:00:00,OLT-NORTE-02,-21.6,65.3,UP
2026-03-12 04:00:00,OLT-SUL-03,-23.81,74.0,UP
2026-03-12 04:00:00,OLT-LESTE-04,-23.1,49.8,UP
2026-03-12 04:00:00,OLT-OESTE-05,-19.56,53.9,UP
2026-03-12 05:00:00,OLT-CENTRO-01,-20.3,99.6,UP
2026-03-12 05:00:00,OLT-NORTE-02,-21.82,68.8,UP
2026-03-12 05:00:00,OLT-SUL-03,-23.47,74.7,UP
2026-03-12 05:00:00,OLT-LESTE-04,-23.63,45.4,UP
2026-03-12 05:00:00,OLT-OESTE-05,-19.84,54.6,UP
2026-03-12 06:00:00,OLT-CENTRO-01,-20.7,147.9,UP
2026-03-12 06:00:00,OLT-NORTE-02,-22.07,99.0,UP
2026-03-12 06:00:00,OLT-SUL-03,-23.75,129.3,UP
2026-03-12 06:00:00,OLT-LESTE-04,-23.59,76.6,UP
2026-03-12 06:00:00,OLT-OESTE-05,-19.37,82.9,UP
2026-03-12 07:00:00,OLT-CENTRO-01,-20.36,240.0,UP
2026-03-12 07:00:00,OLT-NORTE-02,-21.92,177.9,UP
2026-03-12 07:00:00,OLT-SUL-03,-23.59,165.5,UP
2026-03-12 07:00:00,OLT-LESTE-04,-23.5,105.3,UP
2026-03-12 07:00:00,OLT-OESTE-05,-19.89,139.6,UP
2026-03-12 08:00:00,OLT-CENTRO-01,-20.32,305.6,UP
2026-03-12 08:00:00,OLT-NORTE-02,-21.83,224.0,UP
2026-03-12 08:00:00,OLT-SUL-03,-23.47,221.7,UP
2026-03-12 08:00:00,OLT-LESTE-04,-23.68,162.4,UP
2026-03-12 08:00:00,OLT-OESTE-05,-19.37,180.5,UP
2026-03-12 09:00:00,OLT-CENTRO-01,-20.25,376.1,UP
2026-03-12 09:00:00,OLT-NORTE-02,-21.86,246.1,UP
2026-03-12 09:00:00,OLT-SUL-03,-23.39,276.3,UP
2026-03-12 09:00:00,OLT-LESTE-04,-23.38,185.9,UP
2026-03-12 09:00:00,OLT-OESTE-05,-19.75,186.4,UP
2026-03-12 10:00:00,OLT-CENTRO-01,-20.72,386.1,UP
2026-03-12 10:00:00,OLT-NORTE-02,-22.02,243.7,UP
2026-03-12 10:00:00,OLT-SUL-03,-23.51,287.3,UP
2026-03-12 10:00:00,OLT-LESTE-04,-23.24,190.6,UP
2026-03-12 10:00:00,OLT-OESTE-05,-19.39,231.9,UP
2026-03-12 11:00:00,OLT-CENTRO-01,-20.65,463.3,UP
2026-03-12 11:00:00,OLT-NORTE-02,-21.99,296.6,UP
2026-03-12 11:00:00,OLT-SUL-03,-23.58,316.8,UP
2026-03-12 11:00:00,OLT-LESTE-04,-23.42,210.1,UP
2026-03-12 11:00:00,OLT-OESTE-05,-19.42,234.4,UP
2026-03-12 12:00:00,OLT-CENTRO-01,-20.39,470.4,UP
2026-03-12 12:00:00,OLT-NORTE-02,-21.97,313.6,UP
2026-03-12 12:00:00,OLT-SUL-03,-23.6,374.4,UP
2026-03-12 12:00:00,OLT-LESTE-04,-23.68,219.7,UP
2026-03-12 12:00:00,OLT-OESTE-05,-19.89,257.6,UP
2026-03-12 13:00:00,OLT-CENTRO-01,-20.31,441.4,UP
2026-03-12 13:00:00,OLT-NORTE-02,-21.59,309.4,UP
2026-03-12 13:00:00,OLT-SUL-03,-23.64,305.6,UP
2026-03-12 13:00:00,OLT-LESTE-04,-23.35,227.1,UP
2026-03-12 13:00:00,OLT-OESTE-05,-19.89,265.5,UP
2026-03-12 14:00:00,OLT-CENTRO-01,-20.69,429.2,UP
2026-03-12 14:00:00,OLT-NORTE-02,-21.61,273.0,UP
2026-03-12 14:00:00,OLT-SUL-03,-23.87,321.0,UP
2026-03-12 14:00:00,OLT-LESTE-04,,0.0,DOWN
2026-03-12 14:00:00,OLT-OESTE-05,-19.58,257.4,UP
2026-03-12 15:00:00,OLT-CENTRO-01,-20.73,513.5,UP
2026-03-12 15:00:00,OLT-NORTE-02,-21.91,284.2,UP
2026-03-12 15:00:00,OLT-SUL-03,-23.56,375.0,UP
2026-03-12 15:00:00,OLT-LESTE-04,,0.0,DOWN
2026-03-12 15:00:00,OLT-OESTE-05,-19.38,273.4,UP
2026-03-12 16:00:00,OLT-CENTRO-01,-20.29,465.0,UP
2026-03-12 16:00:00,OLT-NORTE-02,-21.73,346.0,UP
2026-03-12 16:00:00,OLT-SUL-03,-23.95,362.7,UP
2026-03-12 16:00:00,OLT-LESTE-04,,0.0,DOWN
2026-03-12 16:00:00,OLT-OESTE-05,-19.85,302.3,UP
2026-03-12 17:00:00,OLT-CENTRO-01,-20.29,566.8,UP
2026-03-12 17:00:00,OLT-NORTE-02,-22.04,362.5,UP
2026-03-12 17:00:00,OLT-SUL-03,-23.6,463.3,UP
2026-03-12 17:00:00,OLT-LESTE-04,-23.12,283.3,UP
2026-03-12 17:00:00,OLT-OESTE-05,-19.79,291.3,UP
2026-03-12 18:00:00,OLT-CENTRO-01,-20.69,614.8,UP
2026-03-12 18:00:00,OLT-NORTE-02,-21.66,441.3,UP
2026-03-12 18:00:00,OLT-SUL-03,-23.42,467.9,UP
2026-03-12 18:00:00,OLT-LESTE-04,-23.14,295.2,UP
2026-03-12 18:00:00,OLT-OESTE-05,-19.75,378.0,UP
2026-03-12 19:00:00,OLT-CENTRO-01,-20.7,758.8,UP
2026-03-12 19:00:00,OLT-NORTE-02,-21.66,484.9,UP
2026-03-12 19:00:00,OLT-SUL-03,-23.92,513.9,UP
2026-03-12 19:00:00,OLT-LESTE-04,-23.67,343.1,UP
2026-03-12 19:00:00,OLT-OESTE-05,-19.56,379.5,UP
2026-03-12 20:00:00,OLT-CENTRO-01,-20.73,757.6,UP
2026-03-12 20:00:00,OLT-NORTE-02,-22.07,524.4,UP
2026-03-12 20:00:00,OLT-SUL-03,-23.51,615.1,UP
2026-03-12 20:00:00,OLT-LESTE-04,-23.62,393.3,UP
2026-03-12 20:00:00,OLT-OESTE-05,-19.74,466.9,UP
2026-03-12 21:00:00,OLT-CENTRO-01,-20.21,791.0,UP
2026-03-12 21:00:00,OLT-NORTE-02,-21.97,570.7,UP
2026-03-12 21:00:00,OLT-SUL-03,-23.93,559.9,UP
2026-03-12 21:00:00,OLT-LESTE-04,-23.63,389.0,UP
2026-03-12 21:00:00,OLT-OESTE-05,-19.55,454.3,UP
2026-03-12 22:00:00,OLT-CENTRO-01,-20.58,729.7,UP
2026-03-12 22:00:00,OLT-NORTE-02,-21.87,426.1,UP
2026-03-12 22:00:00,OLT-SUL-03,-23.86,543.4,UP
2026-03-12 22:00:00,OLT-LESTE-04,-23.1,297.9,UP
2026-03-12 22:00:00,OLT-OESTE-05,-19.41,380.9,UP
2026-03-12 23:00:00,OLT-CENTRO-01,-20.33,461.5,UP
2026-03-12 23:00:00,OLT-NORTE-02,-22.09,318.1,UP
2026-03-12 23:00:00,OLT-SUL-03,-23.36,375.6,UP
2026-03-12 23:00:00,OLT-LESTE-04,-23.29,238.4,UP
2026-03-12 23:00:00,OLT-OESTE-05,-19.67,267.0,UP
2026-03-13 00:00:00,OLT-CENTRO-01,-20.75,305.2,UP
2026-03-13 00:00:00,OLT-NORTE-02,-22.0,196.1,UP
2026-03-13 00:00:00,OLT-SUL-03,-23.94,231.3,UP
2026-03-13 00:00:00,OLT-LESTE-04,-23.52,123.1,UP
2026-03-13 00:00:00,OLT-OESTE-05,-19.51,148.1,UP
2026-03-13 01:00:00,OLT-CENTRO-01,-20.72,204.4,UP
2026-03-13 01:00:00,OLT-NORTE-02,-21.52,123.0,UP
2026-03-13 01:00:00,OLT-SUL-03,-24.09,158.6,UP
2026-03-13 01:00:00,OLT-LESTE-04,-23.28,88.0,UP
2026-03-13 01:00:00,OLT-OESTE-05,-19.4,119.7,UP
2026-03-13 02:00:00,OLT-CENTRO-01,-20.28,156.3,UP
2026-03-13 02:00:00,OLT-NORTE-02,-21.77,89.8,UP
2026-03-13 02:00:00,OLT-SUL-03,-23.89,117.4,UP
2026-03-13 02:00:00,OLT-LESTE-04,-23.57,73.6,UP
2026-03-13 02:00:00,OLT-OESTE-05,-19.89,82.8,UP
2026-03-13 03:00:00,OLT-CENTRO-01,-20.75,120.0,UP
2026-03-13 03:00:00,OLT-NORTE-02,-21.81,71.2,UP
2026-03-13 03:00:00,OLT-SUL-03,-23.58,79.1,UP
2026-03-13 03:00:00,OLT-LESTE-04,-23.5,50.5,UP
2026-03-13 03:00:00,OLT-OESTE-05,-19.73,64.5,UP
2026-03-13 04:00:00,OLT-CENTRO-01,-20.53,107.6,UP
2026-03-13 04:00:00,OLT-NORTE-02,-22.1,68.8,UP
2026-03-13 04:00:00,OLT-SUL-03,-23.65,70.9,UP
2026-03-13 04:00:00,OLT-LESTE-04,-23.69,43.3,UP
2026-03-13 04:00:00,OLT-OESTE-05,-19.77,55.1,UP
2026-03-13 05:00:00,OLT-CENTRO-01,-20.23,102.2,UP
2026-03-13 05:00:00,OLT-NORTE-02,-21.97,66.7,UP
2026-03-13 05:00:00,OLT-SUL-03,-23.63,73.2,UP
2026-03-13 05:00:00,OLT-LESTE-04,-23.66,54.0,UP
2026-03-13 05:00:00,OLT-OESTE-05,-19.67,54.3,UP
2026-03-13 06:00:00,OLT-CENTRO-01,-20.48,150.7,UP
2026-03-13 06:00:00,OLT-NORTE-02,-21.55,100.7,UP
2026-03-13 06:00:00,OLT-SUL-03,-23.78,111.6,UP
2026-03-13 06:00:00,OLT-LESTE-04,-23.53,82.8,UP
2026-03-13 06:00:00,OLT-OESTE-05,-19.74,95.0,UP
2026-03-13 07:00:00,OLT-CENTRO-01,-20.27,252.4,UP
2026-03-13 07:00:00,OLT-NORTE-02,-21.76,169.9,UP
2026-03-13 07:00:00,OLT-SUL-03,-23.69,171.7,UP
2026-03-13 07:00:00,OLT-LESTE-04,-23.35,123.6,UP
2026-03-13 07:00:00,OLT-OESTE-05,-19.72,140.9,UP
2026-03-13 08:00:00,OLT-CENTRO-01,-20.5,305.4,UP
2026-03-13 08:00:00,OLT-NORTE-02,-21.74,198.3,UP
2026-03-13 08:00:00,OLT-SUL-03,-23.97,267.2,UP
2026-03-13 08:00:00,OLT-LESTE-04,-23.12,147.1,UP
2026-03-13 08:00:00,OLT-OESTE-05,-19.59,177.5,UP
2026-03-13 09:00:00,OLT-CENTRO-01,-20.38,401.6,UP
2026-03-13 09:00:00,OLT-NORTE-02,-22.0,227.3,UP
2026-03-13 09:00:00,OLT-SUL-03,-23.63,273.5,UP
2026-03-13 09:00:00,OLT-LESTE-04,-23.52,173.2,UP
2026-03-13 09:00:00,OLT-OESTE-05,-19.63,182.9,UP
2026-03-13 10:00:00,OLT-CENTRO-01,-20.35,431.9,UP
2026-03-13 10:00:00,OLT-NORTE-02,-22.07,281.4,UP
2026-03-13 10:00:00,OLT-SUL-03,-23.6,324.9,UP
2026-03-13 10:00:00,OLT-LESTE-04,-23.69,206.7,UP
2026-03-13 10:00:00,OLT-OESTE-05,-19.54,235.6,UP
2026-03-13 11:00:00,OLT-CENTRO-01,-20.72,455.6,UP
2026-03-13 11:00:00,OLT-NORTE-02,-21.68,297.3,UP
2026-03-13 11:00:00,OLT-SUL-03,-24.01,314.3,UP
2026-03-13 11:00:00,OLT-LESTE-04,-23.43,224.7,UP
2026-03-13 11:00:00,OLT-OESTE-05,-19.5,223.4,UP
2026-03-13 12:00:00,OLT-CENTRO-01,-20.44,506.8,UP
2026-03-13 12:00:00,OLT-NORTE-02,-21.98,284.2,UP
2026-03-13 12:00:00,OLT-SUL-03,-24.09,322.8,UP
2026-03-13 12:00:00,OLT-LESTE-04,-23.28,233.6,UP
2026-03-13 12:00:00,OLT-OESTE-05,-19.61,240.8,UP
2026-03-13 13:00:00,OLT-CENTRO-01,-20.37,411.4,UP
2026-03-13 13:00:00,OLT-NORTE-02,-21.54,312.2,UP
2026-03-13 13:00:00,OLT-SUL-03,-24.03,333.1,UP
2026-03-13 13:00:00,OLT-LESTE-04,-23.53,196.7,UP
2026-03-13 13:00:00,OLT-OESTE-05,-19.64,245.9,UP
2026-03-13 14:00:00,OLT-CENTRO-01,-20.36,484.9,UP
2026-03-13 14:00:00,OLT-NORTE-02,-21.84,283.0,UP
2026-03-13 14:00:00,OLT-SUL-03,-24.09,329.5,UP
2026-03-13 14:00:00,OLT-LESTE-04,-23.35,201.5,UP
2026-03-13 14:00:00,OLT-OESTE-05,-19.34,270.9,UP
2026-03-13 15:00:00,OLT-CENTRO-01,-20.71,486.8,UP
2026-03-13 15:00:00,OLT-NORTE-02,-22.03,310.0,UP
2026-03-13 15:00:00,OLT-SUL-03,-23.98,323.6,UP
2026-03-13 15:00:00,OLT-LESTE-04,-23.24,218.6,UP
2026-03-13 15:00:00,OLT-OESTE-05,-19.36,240.5,UP
2026-03-13 16:00:00,OLT-CENTRO-01,-20.32,551.7,UP
2026-03-13 16:00:00,OLT-NORTE-02,-21.64,326.7,UP
2026-03-13 16:00:00,OLT-SUL-03,-24.03,356.8,UP
2026-03-13 16:00:00,OLT-LESTE-04,-23.47,237.8,UP
2026-03-13 16:00:00,OLT-OESTE-05,-19.39,264.6,UP
2026-03-13 17:00:00,OLT-CENTRO-01,-20.31,539.7,UP
2026-03-13 17:00:00,OLT-NORTE-02,-21.56,396.5,UP
2026-03-13 17:00:00,OLT-SUL-03,-23.88,391.6,UP
2026-03-13 17:00:00,OLT-LESTE-04,-23.28,245.8,UP
2026-03-13 17:00:00,OLT-OESTE-05,-19.72,312.9,UP
2026-03-13 18:00:00,OLT-CENTRO-01,-20.29,611.7,UP
2026-03-13 18:00:00,OLT-NORTE-02,-22.02,408.5,UP
2026-03-13 18:00:00,OLT-SUL-03,-24.05,458.4,UP
2026-03-13 18:00:00,OLT-LESTE-04,-23.67,326.1,UP
2026-03-13 18:00:00,OLT-OESTE-05,-19.65,372.0,UP
2026-03-13 19:00:00,OLT-CENTRO-01,-20.48,804.5,UP
2026-03-13 19:00:00,OLT-NORTE-02,-21.71,531.1,UP
2026-03-13 19:00:00,OLT-SUL-03,-24.02,599.8,UP
2026-03-13 19:00:00,OLT-LESTE-04,-23.67,357.9,UP
2026-03-13 19:00:00,OLT-OESTE-05,-19.53,440.6,UP
2026-03-13 20:00:00,OLT-CENTRO-01,-20.76,842.9,UP
2026-03-13 20:00:00,OLT-NORTE-02,-22.03,574.3,UP
2026-03-13 20:00:00,OLT-SUL-03,-23.86,605.1,UP
2026-03-13 20:00:00,OLT-LESTE-04,-23.16,354.2,UP
2026-03-13 20:00:00,OLT-OESTE-05,-19.84,448.8,UP
2026-03-13 21:00:00,OLT-CENTRO-01,-20.32,786.7,UP
2026-03-13 21:00:00,OLT-NORTE-02,-21.63,546.0,UP
2026-03-13 21:00:00,OLT-SUL-03,-23.81,640.8,UP
2026-03-13 21:00:00,OLT-LESTE-04,-23.24,358.8,UP
2026-03-13 21:00:00,OLT-OESTE-05,-19.89,405.6,UP
2026-03-13 22:00:00,OLT-CENTRO-01,-20.37,758.1,UP
2026-03-13 22:00:00,OLT-NORTE-02,-21.82,493.6,UP
2026-03-13 22:00:00,OLT-SUL-03,-24.0,557.4,UP
2026-03-13 22:00:00,OLT-LESTE-04,-23.37,309.0,UP
2026-03-13 22:00:00,OLT-OESTE-05,-19.45,357.5,UP
2026-03-13 23:00:00,OLT-CENTRO-01,-20.25,506.8,UP
2026-03-13 23:00:00,OLT-NORTE-02,-22.05,327.7,UP
2026-03-13 23:00:00,OLT-SUL-03,-23.77,366.9,UP
2026-03-13 23:00:00,OLT-LESTE-04,-23.52,245.8,UP
2026-03-13 23:00:00,OLT-OESTE-05,-19.63,243.8,UP
2026-03-14 00:00:00,OLT-CENTRO-01,-20.33,301.3,UP
2026-03-14 00:00:00,OLT-NORTE-02,-22.05,205.9,UP
2026-03-14 00:00:00,OLT-SUL-03,-23.73,227.8,UP
2026-03-14 00:00:00,OLT-LESTE-04,-23.4,148.3,UP
2026-03-14 00:00:00,OLT-OESTE-05,-19.83,168.2,UP
2026-03-14 01:00:00,OLT-CENTRO-01,-20.67,207.6,UP
2026-03-14 01:00:00,OLT-NORTE-02,-21.91,135.0,UP
2026-03-14 01:00:00,OLT-SUL-03,-23.88,163.3,UP
2026-03-14 01:00:00,OLT-LESTE-04,-23.46,102.6,UP
2026-03-14 01:00:00,OLT-OESTE-05,-19.52,128.5,UP
2026-03-14 02:00:00,OLT-CENTRO-01,-20.29,169.8,UP
2026-03-14 02:00:00,OLT-NORTE-02,-21.59,116.0,UP
2026-03-14 02:00:00,OLT-SUL-03,-24.14,117.3,UP
2026-03-14 02:00:00,OLT-LESTE-04,-23.43,72.9,UP
2026-03-14 02:00:00,OLT-OESTE-05,-19.48,91.0,UP
2026-03-14 03:00:00,OLT-CENTRO-01,-20.57,123.1,UP
2026-03-14 03:00:00,OLT-NORTE-02,-21.7,88.1,UP
2026-03-14 03:00:00,OLT-SUL-03,-24.13,86.3,UP
2026-03-14 03:00:00,OLT-LESTE-04,-23.5,59.8,UP
2026-03-14 03:00:00,OLT-OESTE-05,-19.7,65.6,UP
2026-03-14 04:00:00,OLT-CENTRO-01,-20.25,109.8,UP
2026-03-14 04:00:00,OLT-NORTE-02,-21.55,78.3,UP
2026-03-14 04:00:00,OLT-SUL-03,-23.84,86.5,UP
2026-03-14 04:00:00,OLT-LESTE-04,-23.53,45.5,UP
2026-03-14 04:00:00,OLT-OESTE-05,-19.75,63.9,UP
2026-03-14 05:00:00,OLT-CENTRO-01,-20.56,116.5,UP
2026-03-14 05:00:00,OLT-NORTE-02,-21.82,73.5,UP
2026-03-14 05:00:00,OLT-SUL-03,-23.82,79.3,UP
2026-03-14 05:00:00,OLT-LESTE-04,-23.37,55.0,UP
2026-03-14 05:00:00,OLT-OESTE-05,-19.52,64.8,UP
2026-03-14 06:00:00,OLT-CENTRO-01,-20.26,176.6,UP
2026-03-14 06:00:00,OLT-NORTE-02,-22.03,122.3,UP
2026-03-14 06:00:00,OLT-SUL-03,-23.66,136.4,UP
2026-03-14 06:00:00,OLT-LESTE-04,-23.2,91.1,UP
2026-03-14 06:00:00,OLT-OESTE-05,-19.34,94.8,UP
2026-03-14 07:00:00,OLT-CENTRO-01,-20.7,279.3,UP
2026-03-14 07:00:00,OLT-NORTE-02,-22.0,176.7,UP
2026-03-14 07:00:00,OLT-SUL-03,-24.05,210.2,UP
2026-03-14 07:00:00,OLT-LESTE-04,-23.44,134.5,UP
2026-03-14 07:00:00,OLT-OESTE-05,-19.72,157.4,UP
2026-03-14 08:00:00,OLT-CENTRO-01,-20.39,348.5,UP
2026-03-14 08:00:00,OLT-NORTE-02,-21.9,251.9,UP
2026-03-14 08:00:00,OLT-SUL-03,-24.11,249.8,UP
2026-03-14 08:00:00,OLT-LESTE-04,-23.69,171.3,UP
2026-03-14 08:00:00,OLT-OESTE-05,-19.43,193.2,UP
2026-03-14 09:00:00,OLT-CENTRO-01,-20.49,400.7,UP
2026-03-14 09:00:00,OLT-NORTE-02,-21.58,261.7,UP
2026-03-14 09:00:00,OLT-SUL-03,-23.84,302.8,UP
2026-03-14 09:00:00,OLT-LESTE-04,-23.19,174.4,UP
2026-03-14 09:00:00,OLT-OESTE-05,-19.38,210.8,UP
2026-03-14 10:00:00,OLT-CENTRO-01,-20.29,414.3,UP
2026-03-14 10:00:00,OLT-NORTE-02,-21.52,278.7,UP
2026-03-14 10:00:00,OLT-SUL-03,-24.13,306.7,UP
2026-03-14 10:00:00,OLT-LESTE-04,-23.61,193.7,UP
2026-03-14 10:00:00,OLT-OESTE-05,-19.48,256.6,UP
2026-03-14 11:00:00,OLT-CENTRO-01,-20.57,478.8,UP
2026-03-14 11:00:00,OLT-NORTE-02,-21.73,299.3,UP
2026-03-14 11:00:00,OLT-SUL-03,-24.01,360.9,UP
2026-03-14 11:00:00,OLT-LESTE-04,-23.39,222.4,UP
2026-03-14 11:00:00,OLT-OESTE-05,-19.54,267.7,UP
2026-03-14 12:00:00,OLT-CENTRO-01,-20.68,512.7,UP
2026-03-14 12:00:00,OLT-NORTE-02,-21.53,365.5,UP
2026-03-14 12:00:00,OLT-SUL-03,-23.93,400.0,UP
2026-03-14 12:00:00,OLT-LESTE-04,-23.3,238.2,UP
2026-03-14 12:00:00,OLT-OESTE-05,-19.41,280.4,UP
2026-03-14 13:00:00,OLT-CENTRO-01,-20.49,484.7,UP
2026-03-14 13:00:00,OLT-NORTE-02,-22.05,327.9,UP
2026-03-14 13:00:00,OLT-SUL-03,-23.96,383.1,UP
2026-03-14 13:00:00,OLT-LESTE-04,-23.14,221.4,UP
2026-03-14 13:00:00,OLT-OESTE-05,-19.89,254.7,UP
2026-03-14 14:00:00,OLT-CENTRO-01,-20.79,463.8,UP
2026-03-14 14:00:00,OLT-NORTE-02,-21.65,355.4,UP
2026-03-14 14:00:00,OLT-SUL-03,-23.99,366.3,UP
2026-03-14 14:00:00,OLT-LESTE-04,-23.52,222.2,UP
2026-03-14 14:00:00,OLT-OESTE-05,-19.54,294.8,UP
2026-03-14 15:00:00,OLT-CENTRO-01,-20.64,490.1,UP
2026-03-14 15:00:00,OLT-NORTE-02,-21.96,335.3,UP
2026-03-14 15:00:00,OLT-SUL-03,-23.78,418.1,UP
2026-03-14 15:00:00,OLT-LESTE-04,-23.64,243.0,UP
2026-03-14 15:00:00,OLT-OESTE-05,-19.58,291.5,UP
2026-03-14 16:00:00,OLT-CENTRO-01,-20.54,579.3,UP
2026-03-14 16:00:00,OLT-NORTE-02,-22.04,369.9,UP
2026-03-14 16:00:00,OLT-SUL-03,-24.1,386.7,UP
2026-03-14 16:00:00,OLT-LESTE-04,-23.38,276.3,UP
2026-03-14 16:00:00,OLT-OESTE-05,-19.77,316.2,UP
2026-03-14 17:00:00,OLT-CENTRO-01,-20.6,629.9,UP
2026-03-14 17:00:00,OLT-NORTE-02,-21.5,448.7,UP
2026-03-14 17:00:00,OLT-SUL-03,-23.71,471.0,UP
2026-03-14 17:00:00,OLT-LESTE-04,-23.56,296.2,UP
2026-03-14 17:00:00,OLT-OESTE-05,-19.62,325.5,UP
2026-03-14 18:00:00,OLT-CENTRO-01,-20.71,677.3,UP
2026-03-14 18:00:00,OLT-NORTE-02,-21.58,457.6,UP
2026-03-14 18:00:00,OLT-SUL-03,-23.84,588.1,UP
2026-03-14 18:00:00,OLT-LESTE-04,-23.44,361.7,UP
2026-03-14 18:00:00,OLT-OESTE-05,-19.78,362.2,UP
2026-03-14 19:00:00,OLT-CENTRO-01,-20.42,751.9,UP
2026-03-14 19:00:00,OLT-NORTE-02,-21.55,576.2,UP
2026-03-14 19:00:00,OLT-SUL-03,-24.17,554.8,UP
2026-03-14 19:00:00,OLT-LESTE-04,-23.2,410.3,UP
2026-03-14 19:00:00,OLT-OESTE-05,-19.33,417.1,UP
2026-03-14 20:00:00,OLT-CENTRO-01,-20.79,909.5,UP
2026-03-14 20:00:00,OLT-NORTE-02,-21.98,601.3,UP
2026-03-14 20:00:00,OLT-SUL-03,-24.21,640.8,UP
2026-03-14 20:00:00,OLT-LESTE-04,-23.13,410.5,UP
2026-03-14 20:00:00,OLT-OESTE-05,-19.89,504.8,UP
2026-03-14 21:00:00,OLT-CENTRO-01,-20.47,960.2,UP
2026-03-14 21:00:00,OLT-NORTE-02,-21.77,589.9,UP
2026-03-14 21:00:00,OLT-SUL-03,-23.86,642.7,UP
2026-03-14 21:00:00,OLT-LESTE-04,-23.26,427.0,UP
2026-03-14 21:00:00,OLT-OESTE-05,-19.73,491.0,UP
2026-03-14 22:00:00,OLT-CENTRO-01,-20.33,710.2,UP
2026-03-14 22:00:00,OLT-NORTE-02,-21.95,465.6,UP
2026-03-14 22:00:00,OLT-SUL-03,-24.14,621.0,UP
2026-03-14 22:00:00,OLT-LESTE-04,-23.53,330.2,UP
2026-03-14 22:00:00,OLT-OESTE-05,-19.87,429.1,UP
2026-03-14 23:00:00,OLT-CENTRO-01,-20.63,533.2,UP
2026-03-14 23:00:00,OLT-NORTE-02,-21.77,379.5,UP
2026-03-14 23:00:00,OLT-SUL-03,-23.8,414.6,UP
2026-03-14 23:00:00,OLT-LESTE-04,-23.5,229.5,UP
2026-03-14 23:00:00,OLT-OESTE-05,-19.41,296.5,UP
2026-03-15 00:00:00,OLT-CENTRO-01,-20.38,315.2,UP
2026-03-15 00:00:00,OLT-NORTE-02,-21.61,194.9,UP
2026-03-15 00:00:00,OLT-SUL-03,-24.21,239.7,UP
2026-03-15 00:00:00,OLT-LESTE-04,-23.49,137.8,UP
2026-03-15 00:00:00,OLT-OESTE-05,-19.6,184.4,UP
2026-03-15 01:00:00,OLT-CENTRO-01,-20.44,205.8,UP
2026-03-15 01:00:00,OLT-NORTE-02,-21.72,151.0,UP
2026-03-15 01:00:00,OLT-SUL-03,-24.17,170.3,UP
2026-03-15 01:00:00,OLT-LESTE-04,-23.2,105.7,UP
2026-03-15 01:00:00,OLT-OESTE-05,-19.41,120.1,UP
2026-03-15 02:00:00,OLT-CENTRO-01,-20.21,152.4,UP
2026-03-15 02:00:00,OLT-NORTE-02,-22.04,99.3,UP
2026-03-15 02:00:00,OLT-SUL-03,-23.91,120.6,UP
2026-03-15 02:00:00,OLT-LESTE-04,-23.23,69.2,UP
2026-03-15 02:00:00,OLT-OESTE-05,-19.54,93.5,UP
2026-03-15 03:00:00,OLT-CENTRO-01,-20.78,118.2,UP
2026-03-15 03:00:00,OLT-NORTE-02,-21.51,88.9,UP
2026-03-15 03:00:00,OLT-SUL-03,-23.82,87.8,UP
2026-03-15 03:00:00,OLT-LESTE-04,-23.47,62.6,UP
2026-03-15 03:00:00,OLT-OESTE-05,-19.61,71.3,UP
2026-03-15 04:00:00,OLT-CENTRO-01,-20.72,102.6,UP
2026-03-15 04:00:00,OLT-NORTE-02,-21.62,76.5,UP
2026-03-15 04:00:00,OLT-SUL-03,-24.19,84.4,UP
2026-03-15 04:00:00,OLT-LESTE-04,-23.42,45.4,UP
2026-03-15 04:00:00,OLT-OESTE-05,-19.77,56.3,UP
2026-03-15 05:00:00,OLT-CENTRO-01,-20.59,126.7,UP
2026-03-15 05:00:00,OLT-NORTE-02,-22.0,83.7,UP
2026-03-15 05:00:00,OLT-SUL-03,-24.21,87.1,UP
2026-03-15 05:00:00,OLT-LESTE-04,-23.6,54.7,UP
2026-03-15 05:00:00,OLT-OESTE-05,-19.64,64.2,UP
2026-03-15 06:00:00,OLT-CENTRO-01,-20.57,198.0,UP
2026-03-15 06:00:00,OLT-NORTE-02,-22.08,107.5,UP
2026-03-15 06:00:00,OLT-SUL-03,-24.0,127.6,UP
2026-03-15 06:00:00,OLT-LESTE-04,-23.56,78.5,UP
2026-03-15 06:00:00,OLT-OESTE-05,-19.69,94.5,UP
2026-03-15 07:00:00,OLT-CENTRO-01,-20.58,275.4,UP
2026-03-15 07:00:00,OLT-NORTE-02,-21.83,171.4,UP
2026-03-15 07:00:00,OLT-SUL-03,-24.28,189.9,UP
2026-03-15 07:00:00,OLT-LESTE-04,-23.31,117.7,UP
2026-03-15 07:00:00,OLT-OESTE-05,-19.7,136.9,UP
2026-03-15 08:00:00,OLT-CENTRO-01,-20.71,353.2,UP
2026-03-15 08:00:00,OLT-NORTE-02,-22.03,226.4,UP
2026-03-15 08:00:00,OLT-SUL-03,-23.96,266.0,UP
2026-03-15 08:00:00,OLT-LESTE-04,-23.24,176.1,UP
2026-03-15 08:00:00,OLT-OESTE-05,-19.68,186.3,UP
2026-03-15 09:00:00,OLT-CENTRO-01,-20.26,423.1,UP
2026-03-15 09:00:00,OLT-NORTE-02,-21.89,286.2,UP
2026-03-15 09:00:00,OLT-SUL-03,-24.02,284.7,UP
2026-03-15 09:00:00,OLT-LESTE-04,-23.35,179.9,UP
2026-03-15 09:00:00,OLT-OESTE-05,-19.9,205.0,UP
2026-03-15 10:00:00,OLT-CENTRO-01,-20.44,459.3,UP
2026-03-15 10:00:00,OLT-NORTE-02,-21.89,272.3,UP
2026-03-15 10:00:00,OLT-SUL-03,-23.99,328.9,UP
2026-03-15 10:00:00,OLT-LESTE-04,-23.5,227.9,UP
2026-03-15 10:00:00,OLT-OESTE-05,-19.41,226.6,UP
2026-03-15 11:00:00,OLT-CENTRO-01,-20.2,464.2,UP
2026-03-15 11:00:00,OLT-NORTE-02,-21.87,342.6,UP
2026-03-15 11:00:00,OLT-SUL-03,-24.04,382.2,UP
2026-03-15 11:00:00,OLT-LESTE-04,-23.29,225.0,UP
2026-03-15 11:00:00,OLT-OESTE-05,-19.37,287.8,UP
2026-03-15 12:00:00,OLT-CENTRO-01,-20.7,549.5,UP
2026-03-15 12:00:00,OLT-NORTE-02,-21.59,357.4,UP
2026-03-15 12:00:00,OLT-SUL-03,-24.21,408.9,UP
2026-03-15 12:00:00,OLT-LESTE-04,-23.39,235.9,UP
2026-03-15 12:00:00,OLT-OESTE-05,-19.66,304.8,UP
2026-03-15 13:00:00,OLT-CENTRO-01,-20.58,474.0,UP
2026-03-15 13:00:00,OLT-NORTE-02,-21.71,321.2,UP
2026-03-15 13:00:00,OLT-SUL-03,-23.95,336.4,UP
2026-03-15 13:00:00,OLT-LESTE-04,-23.56,234.6,UP
2026-03-15 13:00:00,OLT-OESTE-05,-19.7,246.8,UP
2026-03-15 14:00:00,OLT-CENTRO-01,-20.31,513.4,UP
2026-03-15 14:00:00,OLT-NORTE-02,-21.58,332.5,UP
2026-03-15 14:00:00,OLT-SUL-03,-24.05,339.9,UP
2026-03-15 14:00:00,OLT-LESTE-04,-23.46,224.3,UP
2026-03-15 14:00:00,OLT-OESTE-05,-19.72,266.1,UP
2026-03-15 15:00:00,OLT-CENTRO-01,-20.72,540.2,UP
2026-03-15 15:00:00,OLT-NORTE-02,-21.98,364.4,UP
2026-03-15 15:00:00,OLT-SUL-03,-23.8,396.8,UP
2026-03-15 15:00:00,OLT-LESTE-04,-23.33,252.3,UP
2026-03-15 15:00:00,OLT-OESTE-05,-19.39,285.5,UP
2026-03-15 16:00:00,OLT-CENTRO-01,-20.55,575.3,UP
2026-03-15 16:00:00,OLT-NORTE-02,-21.73,395.0,UP
2026-03-15 16:00:00,OLT-SUL-03,-23.93,381.6,UP
2026-03-15 16:00:00,OLT-LESTE-04,-23.32,252.3,UP
2026-03-15 16:00:00,OLT-OESTE-05,-19.46,295.5,UP
2026-03-15 17:00:00,OLT-CENTRO-01,-20.2,621.2,UP
2026-03-15 17:00:00,OLT-NORTE-02,-22.04,404.3,UP
2026-03-15 17:00:00,OLT-SUL-03,-24.02,499.3,UP
2026-03-15 17:00:00,OLT-LESTE-04,-23.17,315.7,UP
2026-03-15 17:00:00,OLT-OESTE-05,-19.72,345.2,UP
2026-03-15 18:00:00,OLT-CENTRO-01,-20.66,727.3,UP
2026-03-15 18:00:00,OLT-NORTE-02,-22.08,520.2,UP
2026-03-15 18:00:00,OLT-SUL-03,-24.03,483.3,UP
2026-03-15 18:00:00,OLT-LESTE-04,-23.23,329.9,UP
2026-03-15 18:00:00,OLT-OESTE-05,-19.74,415.8,UP
2026-03-15 19:00:00,OLT-CENTRO-01,-20.38,785.3,UP
2026-03-15 19:00:00,OLT-NORTE-02,-21.88,516.3,UP
2026-03-15 19:00:00,OLT-SUL-03,-24.17,559.4,UP
2026-03-15 19:00:00,OLT-LESTE-04,-23.2,374.7,UP
2026-03-15 19:00:00,OLT-OESTE-05,-19.67,486.2,UP
2026-03-15 20:00:00,OLT-CENTRO-01,-20.78,794.5,UP
2026-03-15 20:00:00,OLT-NORTE-02,-21.69,603.6,UP
2026-03-15 20:00:00,OLT-SUL-03,-24.34,651.5,UP
2026-03-15 20:00:00,OLT-LESTE-04,-23.49,414.6,UP
2026-03-15 20:00:00,OLT-OESTE-05,-19.7,484.1,UP
2026-03-15 21:00:00,OLT-CENTRO-01,-20.77,936.9,UP
2026-03-15 21:00:00,OLT-NORTE-02,-22.06,620.0,UP
2026-03-15 21:00:00,OLT-SUL-03,-24.32,630.4,UP
2026-03-15 21:00:00,OLT-LESTE-04,-23.25,411.8,UP
2026-03-15 21:00:00,OLT-OESTE-05,-19.36,470.9,UP
2026-03-15 22:00:00,OLT-CENTRO-01,-20.67,836.0,UP
2026-03-15 22:00:00,OLT-NORTE-02,-22.06,551.0,UP
2026-03-15 22:00:00,OLT-SUL-03,-24.06,524.2,UP
2026-03-15 22:00:00,OLT-LESTE-04,-23.34,382.7,UP
2026-03-15 22:00:00,OLT-OESTE-05,-19.64,384.0,UP
2026-03-15 23:00:00,OLT-CENTRO-01,-20.26,557.0,UP
2026-03-15 23:00:00,OLT-NORTE-02,-21.93,385.5,UP
2026-03-15 23:00:00,OLT-SUL-03,-24.04,438.8,UP
2026-03-15 23:00:00,OLT-LESTE-04,-23.1,251.3,UP
2026-03-15 23:00:00,OLT-OESTE-05,-19.86,315.0,UP
2026-03-16 00:00:00,OLT-CENTRO-01,-20.68,298.4,UP
2026-03-16 00:00:00,OLT-NORTE-02,-21.86,176.3,UP
2026-03-16 00:00:00,OLT-SUL-03,-24.44,199.7,UP
2026-03-16 00:00:00,OLT-LESTE-04,-23.67,140.7,UP
2026-03-16 00:00:00,OLT-OESTE-05,-19.34,165.3,UP
2026-03-16 01:00:00,OLT-CENTRO-01,-20.32,215.4,UP
2026-03-16 01:00:00,OLT-NORTE-02,-21.51,127.0,UP
2026-03-16 01:00:00,OLT-SUL-03,-24.08,152.3,UP
2026-03-16 01:00:00,OLT-LESTE-04,-23.1,99.4,UP
2026-03-16 01:00:00,OLT-OESTE-05,-19.86,107.8,UP
2026-03-16 02:00:00,OLT-CENTRO-01,-20.48,148.9,UP
2026-03-16 02:00:00,OLT-NORTE-02,-22.02,90.0,UP
2026-03-16 02:00:00,OLT-SUL-03,-24.42,99.3,UP
2026-03-16 02:00:00,OLT-LESTE-04,-23.37,62.4,UP
2026-03-16 02:00:00,OLT-OESTE-05,-19.65,76.4,UP
2026-03-16 03:00:00,OLT-CENTRO-01,-20.31,111.2,UP
2026-03-16 03:00:00,OLT-NORTE-02,-21.99,72.9,UP
2026-03-16 03:00:00,OLT-SUL-03,-24.4,80.5,UP
2026-03-16 03:00:00,OLT-LESTE-04,-23.28,53.5,UP
2026-03-16 03:00:00,OLT-OESTE-05,-19.45,63.7,UP
2026-03-16 04:00:00,OLT-CENTRO-01,-20.39,99.3,UP
2026-03-16 04:00:00,OLT-NORTE-02,-21.81,69.7,UP
2026-03-16 04:00:00,OLT-SUL-03,-24.37,75.2,UP
2026-03-16 04:00:00,OLT-LESTE-04,-23.29,45.6,UP
2026-03-16 04:00:00,OLT-OESTE-05,-19.49,54.4,UP
2026-03-16 05:00:00,OLT-CENTRO-01,-20.35,99.3,UP
2026-03-16 05:00:00,OLT-NORTE-02,-21.78,73.0,UP
2026-03-16 05:00:00,OLT-SUL-03,-24.45,80.6,UP
2026-03-16 05:00:00,OLT-LESTE-04,-23.11,47.7,UP
2026-03-16 05:00:00,OLT-OESTE-05,-19.46,60.0,UP
2026-03-16 06:00:00,OLT-CENTRO-01,-20.36,165.3,UP
2026-03-16 06:00:00,OLT-NORTE-02,-21.99,103.2,UP
2026-03-16 06:00:00,OLT-SUL-03,-24.37,130.4,UP
2026-03-16 06:00:00,OLT-LESTE-04,-23.68,73.9,UP
2026-03-16 06:00:00,OLT-OESTE-05,-19.4,84.7,UP
2026-03-16 07:00:00,OLT-CENTRO-01,-20.25,242.7,UP
2026-03-16 07:00:00,OLT-NORTE-02,-21.96,161.7,UP
2026-03-16 07:00:00,OLT-SUL-03,-24.51,199.8,UP
2026-03-16 07:00:00,OLT-LESTE-04,-23.65,120.1,UP
2026-03-16 07:00:00,OLT-OESTE-05,-19.58,125.3,UP
2026-03-16 08:00:00,OLT-CENTRO-01,-20.58,324.6,UP
2026-03-16 08:00:00,OLT-NORTE-02,-22.05,202.7,UP
2026-03-16 08:00:00,OLT-SUL-03,-24.08,249.2,UP
2026-03-16 08:00:00,OLT-LESTE-04,-23.59,162.8,UP
2026-03-16 08:00:00,OLT-OESTE-05,-19.66,189.3,UP
2026-03-16 09:00:00,OLT-CENTRO-01,-20.5,387.7,UP
2026-03-16 09:00:00,OLT-NORTE-02,-21.79,227.4,UP
2026-03-16 09:00:00,OLT-SUL-03,-24.42,257.7,UP
2026-03-16 09:00:00,OLT-LESTE-04,-23.36,160.0,UP
2026-03-16 09:00:00,OLT-OESTE-05,-19.48,200.4,UP
2026-03-16 10:00:00,OLT-CENTRO-01,-20.74,380.7,UP
2026-03-16 10:00:00,OLT-NORTE-02,-21.84,258.6,UP
2026-03-16 10:00:00,OLT-SUL-03,-24.48,302.3,UP
2026-03-16 10:00:00,OLT-LESTE-04,-23.58,171.7,UP
2026-03-16 10:00:00,OLT-OESTE-05,-19.5,223.2,UP
2026-03-16 11:00:00,OLT-CENTRO-01,-20.4,430.4,UP
2026-03-16 11:00:00,OLT-NORTE-02,-21.91,301.2,UP
2026-03-16 11:00:00,OLT-SUL-03,-23.96,348.4,UP
2026-03-16 11:00:00,OLT-LESTE-04,-23.55,195.3,UP
2026-03-16 11:00:00,OLT-OESTE-05,-19.73,245.5,UP
2026-03-16 12:00:00,OLT-CENTRO-01,-20.52,507.2,UP
2026-03-16 12:00:00,OLT-NORTE-02,-21.78,336.7,UP
2026-03-16 12:00:00,OLT-SUL-03,-24.29,349.8,UP
2026-03-16 12:00:00,OLT-LESTE-04,-23.51,207.8,UP
2026-03-16 12:00:00,OLT-OESTE-05,-19.33,246.0,UP
2026-03-16 13:00:00,OLT-CENTRO-01,-20.29,484.7,UP
2026-03-16 13:00:00,OLT-NORTE-02,-22.03,301.8,UP
2026-03-16 13:00:00,OLT-SUL-03,-24.49,364.3,UP
2026-03-16 13:00:00,OLT-LESTE-04,-23.29,198.2,UP
2026-03-16 13:00:00,OLT-OESTE-05,-19.48,231.3,UP
2026-03-16 14:00:00,OLT-CENTRO-01,-20.62,492.8,UP
2026-03-16 14:00:00,OLT-NORTE-02,-21.86,277.4,UP
2026-03-16 14:00:00,OLT-SUL-03,-24.38,352.6,UP
2026-03-16 14:00:00,OLT-LESTE-04,-23.22,220.5,UP
2026-03-16 14:00:00,OLT-OESTE-05,-19.64,256.1,UP
2026-03-16 15:00:00,OLT-CENTRO-01,-20.74,456.2,UP
2026-03-16 15:00:00,OLT-NORTE-02,-21.56,312.2,UP
2026-03-16 15:00:00,OLT-SUL-03,-24.27,351.5,UP
2026-03-16 15:00:00,OLT-LESTE-04,-23.66,200.3,UP
2026-03-16 15:00:00,OLT-OESTE-05,-19.86,268.3,UP
2026-03-16 16:00:00,OLT-CENTRO-01,-20.32,557.3,UP
2026-03-16 16:00:00,OLT-NORTE-02,-21.67,341.5,UP
2026-03-16 16:00:00,OLT-SUL-03,-24.54,400.8,UP
2026-03-16 16:00:00,OLT-LESTE-04,-23.44,249.3,UP
2026-03-16 16:00:00,OLT-OESTE-05,-19.51,304.1,UP
2026-03-16 17:00:00,OLT-CENTRO-01,-20.34,598.7,UP
2026-03-16 17:00:00,OLT-NORTE-02,-22.07,375.1,UP
2026-03-16 17:00:00,OLT-SUL-03,-24.29,457.6,UP
2026-03-16 17:00:00,OLT-LESTE-04,-23.34,277.0,UP
2026-03-16 17:00:00,OLT-OESTE-05,-19.43,307.2,UP
2026-03-16 18:00:00,OLT-CENTRO-01,-20.75,635.1,UP
2026-03-16 18:00:00,OLT-NORTE-02,-22.03,395.2,UP
2026-03-16 18:00:00,OLT-SUL-03,-24.15,531.0,UP
2026-03-16 18:00:00,OLT-LESTE-04,-23.12,317.7,UP
2026-03-16 18:00:00,OLT-OESTE-05,,0.0,DOWN
2026-03-16 19:00:00,OLT-CENTRO-01,-20.45,693.4,UP
2026-03-16 19:00:00,OLT-NORTE-02,-21.94,504.3,UP
2026-03-16 19:00:00,OLT-SUL-03,-24.17,567.3,UP
2026-03-16 19:00:00,OLT-LESTE-04,-23.34,345.0,UP
2026-03-16 19:00:00,OLT-OESTE-05,-19.68,413.0,UP
2026-03-16 20:00:00,OLT-CENTRO-01,-20.27,716.4,UP
2026-03-16 20:00:00,OLT-NORTE-02,-22.06,516.9,UP
2026-03-16 20:00:00,OLT-SUL-03,-24.3,603.2,UP
2026-03-16 20:00:00,OLT-LESTE-04,-23.64,389.5,UP
2026-03-16 20:00:00,OLT-OESTE-05,-19.82,451.1,UP
2026-03-16 21:00:00,OLT-CENTRO-01,-20.25,818.9,UP
2026-03-16 21:00:00,OLT-NORTE-02,-21.66,518.7,UP
2026-03-16 21:00:00,OLT-SUL-03,-24.24,566.2,UP
2026-03-16 21:00:00,OLT-LESTE-04,-23.41,407.3,UP
2026-03-16 21:00:00,OLT-OESTE-05,-19.34,473.3,UP
2026-03-16 22:00:00,OLT-CENTRO-01,-20.28,698.9,UP
2026-03-16 22:00:00,OLT-NORTE-02,-22.09,433.7,UP
2026-03-16 22:00:00,OLT-SUL-03,-24.18,536.1,UP
2026-03-16 22:00:00,OLT-LESTE-04,-23.28,304.6,UP
2026-03-16 22:00:00,OLT-OESTE-05,-19.72,362.8,UP
2026-03-16 23:00:00,OLT-CENTRO-01,-20.58,488.8,UP
2026-03-16 23:00:00,OLT-NORTE-02,-21.84,293.9,UP
2026-03-16 23:00:00,OLT-SUL-03,-24.36,361.3,UP
2026-03-16 23:00:00,OLT-LESTE-04,-23.34,228.4,UP
2026-03-16 23:00:00,OLT-OESTE-05,-19.81,276.2,UP
2026-03-17 00:00:00,OLT-CENTRO-01,-20.35,258.5,UP
2026-03-17 00:00:00,OLT-NORTE-02,-21.98,205.5,UP
2026-03-17 00:00:00,OLT-SUL-03,-24.6,222.9,UP
2026-03-17 00:00:00,OLT-LESTE-04,-23.13,120.2,UP
2026-03-17 00:00:00,OLT-OESTE-05,-19.79,161.1,UP
2026-03-17 01:00:00,OLT-CENTRO-01,-20.26,221.5,UP
2026-03-17 01:00:00,OLT-NORTE-02,-22.08,122.7,UP
2026-03-17 01:00:00,OLT-SUL-03,-24.5,144.8,UP
2026-03-17 01:00:00,OLT-LESTE-04,-23.66,88.2,UP
2026-03-17 01:00:00,OLT-OESTE-05,-19.59,117.0,UP
2026-03-17 02:00:00,OLT-CENTRO-01,-20.59,140.2,UP
2026-03-17 02:00:00,OLT-NORTE-02,-21.64,95.4,UP
2026-03-17 02:00:00,OLT-SUL-03,-24.52,110.4,UP
2026-03-17 02:00:00,OLT-LESTE-04,-23.33,65.0,UP
2026-03-17 02:00:00,OLT-OESTE-05,-19.52,88.6,UP
2026-03-17 03:00:00,OLT-CENTRO-01,-20.23,123.8,UP
2026-03-17 03:00:00,OLT-NORTE-02,-22.08,69.2,UP
2026-03-17 03:00:00,OLT-SUL-03,-24.6,91.0,UP
2026-03-17 03:00:00,OLT-LESTE-04,-23.66,58.3,UP
2026-03-17 03:00:00,OLT-OESTE-05,-19.34,60.8,UP
2026-03-17 04:00:00,OLT-CENTRO-01,-20.5,103.8,UP
2026-03-17 04:00:00,OLT-NORTE-02,-21.97,67.7,UP
2026-03-17 04:00:00,OLT-SUL-03,-24.38,80.4,UP
2026-03-17 04:00:00,OLT-LESTE-04,-23.57,46.4,UP
2026-03-17 04:00:00,OLT-OESTE-05,-19.36,58.9,UP
2026-03-17 05:00:00,OLT-CENTRO-01,-20.42,103.7,UP
2026-03-17 05:00:00,OLT-NORTE-02,-21.73,66.6,UP
2026-03-17 05:00:00,OLT-SUL-03,-24.42,72.1,UP
2026-03-17 05:00:00,OLT-LESTE-04,-23.45,54.3,UP
2026-03-17 05:00:00,OLT-OESTE-05,-19.68,62.7,UP
2026-03-17 06:00:00,OLT-CENTRO-01,-20.61,168.8,UP
2026-03-17 06:00:00,OLT-NORTE-02,-21.51,108.9,UP
2026-03-17 06:00:00,OLT-SUL-03,-24.34,126.0,UP
2026-03-17 06:00:00,OLT-LESTE-04,-23.44,80.2,UP
2026-03-17 06:00:00,OLT-OESTE-05,-19.58,90.3,UP
2026-03-17 07:00:00,OLT-CENTRO-01,-20.25,234.2,UP
2026-03-17 07:00:00,OLT-NORTE-02,-21.9,164.0,UP
2026-03-17 07:00:00,OLT-SUL-03,-24.22,165.2,UP
2026-03-17 07:00:00,OLT-LESTE-04,-23.53,118.4,UP
2026-03-17 07:00:00,OLT-OESTE-05,-19.56,129.7,UP
2026-03-17 08:00:00,OLT-CENTRO-01,-20.52,341.3,UP
2026-03-17 08:00:00,OLT-NORTE-02,-22.06,224.9,UP
2026-03-17 08:00:00,OLT-SUL-03,-24.28,267.5,UP
2026-03-17 08:00:00,OLT-LESTE-04,-23.27,150.9,UP
2026-03-17 08:00:00,OLT-OESTE-05,-19.88,169.0,UP
2026-03-17 09:00:00,OLT-CENTRO-01,-20.7,373.1,UP
2026-03-17 09:00:00,OLT-NORTE-02,-21.54,265.2,UP
2026-03-17 09:00:00,OLT-SUL-03,-24.62,262.5,UP
2026-03-17 09:00:00,OLT-LESTE-04,-23.15,167.8,UP
2026-03-17 09:00:00,OLT-OESTE-05,-19.44,210.9,UP
2026-03-17 10:00:00,OLT-CENTRO-01,-20.51,414.3,UP
2026-03-17 10:00:00,OLT-NORTE-02,-21.85,270.7,UP
2026-03-17 10:00:00,OLT-SUL-03,-24.19,287.8,UP
2026-03-17 10:00:00,OLT-LESTE-04,-23.57,182.1,UP
2026-03-17 10:00:00,OLT-OESTE-05,-19.79,235.3,UP
2026-03-17 11:00:00,OLT-CENTRO-01,-20.63,454.6,UP
2026-03-17 11:00:00,OLT-NORTE-02,-21.98,293.0,UP
2026-03-17 11:00:00,OLT-SUL-03,-24.14,333.2,UP
2026-03-17 11:00:00,OLT-LESTE-04,-23.47,215.9,UP
2026-03-17 11:00:00,OLT-OESTE-05,-19.5,263.7,UP
2026-03-17 12:00:00,OLT-CENTRO-01,-20.56,428.4,UP
2026-03-17 12:00:00,OLT-NORTE-02,-21.91,308.0,UP
2026-03-17 12:00:00,OLT-SUL-03,-24.15,356.9,UP
2026-03-17 12:00:00,OLT-LESTE-04,-23.52,237.7,UP
2026-03-17 12:00:00,OLT-OESTE-05,-19.76,244.2,UP
2026-03-17 13:00:00,OLT-CENTRO-01,-20.33,474.3,UP
2026-03-17 13:00:00,OLT-NORTE-02,-21.87,267.4,UP
2026-03-17 13:00:00,OLT-SUL-03,-24.37,358.3,UP
2026-03-17 13:00:00,OLT-LESTE-04,-23.14,219.2,UP
2026-03-17 13:00:00,OLT-OESTE-05,-19.47,261.6,UP
2026-03-17 14:00:00,OLT-CENTRO-01,-20.44,452.6,UP
2026-03-17 14:00:00,OLT-NORTE-02,-21.59,271.6,UP
2026-03-17 14:00:00,OLT-SUL-03,-24.55,351.1,UP
2026-03-17 14:00:00,OLT-LESTE-04,-23.13,220.5,UP
2026-03-17 14:00:00,OLT-OESTE-05,-19.81,232.6,UP
2026-03-17 15:00:00,OLT-CENTRO-01,-20.53,460.3,UP
2026-03-17 15:00:00,OLT-NORTE-02,-22.01,293.9,UP
2026-03-17 15:00:00,OLT-SUL-03,-24.57,373.2,UP
2026-03-17 15:00:00,OLT-LESTE-04,-23.51,231.8,UP
2026-03-17 15:00:00,OLT-OESTE-05,-19.48,273.7,UP
2026-03-17 16:00:00,OLT-CENTRO-01,-20.44,540.8,UP
2026-03-17 16:00:00,OLT-NORTE-02,-21.63,361.9,UP
2026-03-17 16:00:00,OLT-SUL-03,-24.14,377.1,UP
2026-03-17 16:00:00,OLT-LESTE-04,-23.29,233.0,UP
2026-03-17 16:00:00,OLT-OESTE-05,-19.65,290.1,UP
2026-03-17 17:00:00,OLT-CENTRO-01,-20.29,555.8,UP
2026-03-17 17:00:00,OLT-NORTE-02,-21.91,378.3,UP
2026-03-17 17:00:00,OLT-SUL-03,-24.31,398.4,UP
2026-03-17 17:00:00,OLT-LESTE-04,-23.25,275.2,UP
2026-03-17 17:00:00,OLT-OESTE-05,-19.6,295.8,UP
2026-03-17 18:00:00,OLT-CENTRO-01,-20.58,708.6,UP
2026-03-17 18:00:00,OLT-NORTE-02,-21.9,423.9,UP
2026-03-17 18:00:00,OLT-SUL-03,-24.66,440.9,UP
2026-03-17 18:00:00,OLT-LESTE-04,-23.54,304.3,UP
2026-03-17 18:00:00,OLT-OESTE-05,-19.82,360.7,UP
2026-03-17 19:00:00,OLT-CENTRO-01,-20.65,723.6,UP
2026-03-17 19:00:00,OLT-NORTE-02,-21.55,454.4,UP
2026-03-17 19:00:00,OLT-SUL-03,-24.16,556.9,UP
2026-03-17 19:00:00,OLT-LESTE-04,-23.27,335.6,UP
2026-03-17 19:00:00,OLT-OESTE-05,-19.86,407.7,UP
2026-03-17 20:00:00,OLT-CENTRO-01,-20.69,840.7,UP
2026-03-17 20:00:00,OLT-NORTE-02,-21.87,522.7,UP
2026-03-17 20:00:00,OLT-SUL-03,-24.25,639.5,UP
2026-03-17 20:00:00,OLT-LESTE-04,-23.45,397.8,UP
2026-03-17 20:00:00,OLT-OESTE-05,-19.77,410.1,UP
2026-03-17 21:00:00,OLT-CENTRO-01,-20.28,863.9,UP
2026-03-17 21:00:00,OLT-NORTE-02,-21.73,559.0,UP
2026-03-17 21:00:00,OLT-SUL-03,-24.38,557.4,UP
2026-03-17 21:00:00,OLT-LESTE-04,-23.21,384.3,UP
2026-03-17 21:00:00,OLT-OESTE-05,-19.4,413.9,UP
2026-03-17 22:00:00,OLT-CENTRO-01,-20.29,718.3,UP
2026-03-17 22:00:00,OLT-NORTE-02,-21.55,461.7,UP
2026-03-17 22:00:00,OLT-SUL-03,-24.15,478.6,UP
2026-03-17 22:00:00,OLT-LESTE-04,-23.52,302.9,UP
2026-03-17 22:00:00,OLT-OESTE-05,-19.73,381.9,UP
2026-03-17 23:00:00,OLT-CENTRO-01,-20.53,467.7,UP
2026-03-17 23:00:00,OLT-NORTE-02,-22.02,341.4,UP
2026-03-17 23:00:00,OLT-SUL-03,-24.65,337.4,UP
2026-03-17 23:00:00,OLT-LESTE-04,-23.49,228.4,UP
2026-03-17 23:00:00,OLT-OESTE-05,-19.65,290.6,UP
2026-03-18 00:00:00,OLT-CENTRO-01,-20.25,301.7,UP
2026-03-18 00:00:00,OLT-NORTE-02,-21.71,187.1,UP
2026-03-18 00:00:00,OLT-SUL-03,-24.35,230.4,UP
2026-03-18 00:00:00,OLT-LESTE-04,-23.2,129.3,UP
2026-03-18 00:00:00,OLT-OESTE-05,-19.68,153.6,UP
2026-03-18 01:00:00,OLT-CENTRO-01,-20.25,199.7,UP
2026-03-18 01:00:00,OLT-NORTE-02,-22.05,135.0,UP
2026-03-18 01:00:00,OLT-SUL-03,-24.75,140.2,UP
2026-03-18 01:00:00,OLT-LESTE-04,-23.52,86.9,UP
2026-03-18 01:00:00,OLT-OESTE-05,-19.73,107.3,UP
2026-03-18 02:00:00,OLT-CENTRO-01,-20.65,161.5,UP
2026-03-18 02:00:00,OLT-NORTE-02,-21.69,88.1,UP
2026-03-18 02:00:00,OLT-SUL-03,-24.66,113.9,UP
2026-03-18 02:00:00,OLT-LESTE-04,-23.21,72.8,UP
2026-03-18 02:00:00,OLT-OESTE-05,-19.6,76.3,UP
2026-03-18 03:00:00,OLT-CENTRO-01,-20.46,113.7,UP
2026-03-18 03:00:00,OLT-NORTE-02,-21.75,75.4,UP
2026-03-18 03:00:00,OLT-SUL-03,-24.65,85.5,UP
2026-03-18 03:00:00,OLT-LESTE-04,-23.46,54.2,UP
2026-03-18 03:00:00,OLT-OESTE-05,-19.73,60.0,UP
2026-03-18 04:00:00,OLT-CENTRO-01,-20.77,105.7,UP
2026-03-18 04:00:00,OLT-NORTE-02,-21.55,58.9,UP
2026-03-18 04:00:00,OLT-SUL-03,-24.55,73.2,UP
2026-03-18 04:00:00,OLT-LESTE-04,-23.37,41.9,UP
2026-03-18 04:00:00,OLT-OESTE-05,-19.79,58.3,UP
2026-03-18 05:00:00,OLT-CENTRO-01,-20.31,102.3,UP
2026-03-18 05:00:00,OLT-NORTE-02,-21.83,67.8,UP
2026-03-18 05:00:00,OLT-SUL-03,-24.67,75.3,UP
2026-03-18 05:00:00,OLT-LESTE-04,-23.11,49.0,UP
2026-03-18 05:00:00,OLT-OESTE-05,-19.45,52.7,UP
2026-03-18 06:00:00,OLT-CENTRO-01,-20.29,161.6,UP
2026-03-18 06:00:00,OLT-NORTE-02,-21.65,117.4,UP
2026-03-18 06:00:00,OLT-SUL-03,-24.78,126.3,UP
2026-03-18 06:00:00,OLT-LESTE-04,-23.56,69.7,UP
2026-03-18 06:00:00,OLT-OESTE-05,-19.71,93.6,UP
2026-03-18 07:00:00,OLT-CENTRO-01,-20.38,233.9,UP
2026-03-18 07:00:00,OLT-NORTE-02,-21.88,163.1,UP
2026-03-18 07:00:00,OLT-SUL-03,-24.32,173.7,UP
2026-03-18 07:00:00,OLT-LESTE-04,-23.23,115.3,UP
2026-03-18 07:00:00,OLT-OESTE-05,-19.73,135.0,UP
2026-03-18 08:00:00,OLT-CENTRO-01,-20.5,346.7,UP
2026-03-18 08:00:00,OLT-NORTE-02,-21.74,236.2,UP
2026-03-18 08:00:00,OLT-SUL-03,-24.68,247.9,UP
2026-03-18 08:00:00,OLT-LESTE-04,-23.64,136.9,UP
2026-03-18 08:00:00,OLT-OESTE-05,-19.69,177.6,UP
2026-03-18 09:00:00,OLT-CENTRO-01,-20.29,402.5,UP
2026-03-18 09:00:00,OLT-NORTE-02,-21.98,262.3,UP
2026-03-18 09:00:00,OLT-SUL-03,-24.56,282.3,UP
2026-03-18 09:00:00,OLT-LESTE-04,-23.32,185.0,UP
2026-03-18 09:00:00,OLT-OESTE-05,-19.69,191.5,UP
2026-03-18 10:00:00,OLT-CENTRO-01,-20.62,371.2,UP
2026-03-18 10:00:00,OLT-NORTE-02,-21.75,286.1,UP
2026-03-18 10:00:00,OLT-SUL-03,-24.65,288.1,UP
2026-03-18 10:00:00,OLT-LESTE-04,-23.15,181.1,UP
2026-03-18 10:00:00,OLT-OESTE-05,-19.85,234.4,UP
2026-03-18 11:00:00,OLT-CENTRO-01,-20.26,406.3,UP
2026-03-18 11:00:00,OLT-NORTE-02,-21.97,296.2,UP
2026-03-18 11:00:00,OLT-SUL-03,-24.72,323.9,UP
2026-03-18 11:00:00,OLT-LESTE-04,-23.45,203.6,UP
2026-03-18 11:00:00,OLT-OESTE-05,-19.82,235.0,UP
2026-03-18 12:00:00,OLT-CENTRO-01,-20.59,491.4,UP
2026-03-18 12:00:00,OLT-NORTE-02,-21.91,308.0,UP
2026-03-18 12:00:00,OLT-SUL-03,-24.4,343.4,UP
2026-03-18 12:00:00,OLT-LESTE-04,-23.43,198.9,UP
2026-03-18 12:00:00,OLT-OESTE-05,-19.38,254.7,UP
2026-03-18 13:00:00,OLT-CENTRO-01,-20.46,412.0,UP
2026-03-18 13:00:00,OLT-NORTE-02,-21.84,289.2,UP
2026-03-18 13:00:00,OLT-SUL-03,-24.67,333.7,UP
2026-03-18 13:00:00,OLT-LESTE-04,-23.19,229.7,UP
2026-03-18 13:00:00,OLT-OESTE-05,-19.78,269.0,UP
2026-03-18 14:00:00,OLT-CENTRO-01,-20.34,443.1,UP
2026-03-18 14:00:00,OLT-NORTE-02,-22.06,290.5,UP
2026-03-18 14:00:00,OLT-SUL-03,-24.56,306.4,UP
2026-03-18 14:00:00,OLT-LESTE-04,-23.2,220.7,UP
2026-03-18 14:00:00,OLT-OESTE-05,-19.56,239.1,UP
2026-03-18 15:00:00,OLT-CENTRO-01,-20.48,470.0,UP
2026-03-18 15:00:00,OLT-NORTE-02,-21.6,316.0,UP
2026-03-18 15:00:00,OLT-SUL-03,-24.33,324.9,UP
2026-03-18 15:00:00,OLT-LESTE-04,-23.65,238.2,UP
2026-03-18 15:00:00,OLT-OESTE-05,-19.45,249.1,UP
2026-03-18 16:00:00,OLT-CENTRO-01,-20.7,543.5,UP
2026-03-18 16:00:00,OLT-NORTE-02,-22.04,358.3,UP
2026-03-18 16:00:00,OLT-SUL-03,-24.51,353.7,UP
2026-03-18 16:00:00,OLT-LESTE-04,-23.12,239.9,UP
2026-03-18 16:00:00,OLT-OESTE-05,-19.68,292.1,UP
2026-03-18 17:00:00,OLT-CENTRO-01,-20.41,561.6,UP
2026-03-18 17:00:00,OLT-NORTE-02,-21.84,345.5,UP
2026-03-18 17:00:00,OLT-SUL-03,-24.39,426.7,UP
2026-03-18 17:00:00,OLT-LESTE-04,-23.61,286.1,UP
2026-03-18 17:00:00,OLT-OESTE-05,-19.64,345.0,UP
2026-03-18 18:00:00,OLT-CENTRO-01,-20.65,613.8,UP
2026-03-18 18:00:00,OLT-NORTE-02,-21.91,438.6,UP
2026-03-18 18:00:00,OLT-SUL-03,-24.85,465.1,UP
2026-03-18 18:00:00,OLT-LESTE-04,-23.62,292.3,UP
2026-03-18 18:00:00,OLT-OESTE-05,-19.65,376.2,UP
2026-03-18 19:00:00,OLT-CENTRO-01,-20.41,742.4,UP
2026-03-18 19:00:00,OLT-NORTE-02,-22.04,487.6,UP
2026-03-18 19:00:00,OLT-SUL-03,-24.41,540.6,UP
2026-03-18 19:00:00,OLT-LESTE-04,-23.52,367.5,UP
2026-03-18 19:00:00,OLT-OESTE-05,-19.85,386.3,UP
2026-03-18 20:00:00,OLT-CENTRO-01,-20.43,735.0,UP
2026-03-18 20:00:00,OLT-NORTE-02,-22.09,476.2,UP
2026-03-18 20:00:00,OLT-SUL-03,-24.76,597.0,UP
2026-03-18 20:00:00,OLT-LESTE-04,-23.26,393.8,UP
2026-03-18 20:00:00,OLT-OESTE-05,-19.48,409.6,UP
2026-03-18 21:00:00,OLT-CENTRO-01,-20.38,803.8,UP
2026-03-18 21:00:00,OLT-NORTE-02,-21.9,566.7,UP
2026-03-18 21:00:00,OLT-SUL-03,-24.79,656.0,UP
2026-03-18 21:00:00,OLT-LESTE-04,-23.53,377.8,UP
2026-03-18 21:00:00,OLT-OESTE-05,-19.55,425.4,UP
2026-03-18 22:00:00,OLT-CENTRO-01,-20.27,678.6,UP
2026-03-18 22:00:00,OLT-NORTE-02,-21.74,449.4,UP
2026-03-18 22:00:00,OLT-SUL-03,-24.61,516.9,UP
2026-03-18 22:00:00,OLT-LESTE-04,-23.24,302.5,UP
2026-03-18 22:00:00,OLT-OESTE-05,-19.88,347.1,UP
2026-03-18 23:00:00,OLT-CENTRO-01,-20.27,487.6,UP
2026-03-18 23:00:00,OLT-NORTE-02,-21.68,333.8,UP
2026-03-18 23:00:00,OLT-SUL-03,-24.64,363.1,UP
2026-03-18 23:00:00,OLT-LESTE-04,-23.22,232.5,UP
2026-03-18 23:00:00,OLT-OESTE-05,-19.81,258.1,UP
2026-03-19 00:00:00,OLT-CENTRO-01,-20.59,307.2,UP
2026-03-19 00:00:00,OLT-NORTE-02,-21.67,181.9,UP
2026-03-19 00:00:00,OLT-SUL-03,-24.47,228.3,UP
2026-03-19 00:00:00,OLT-LESTE-04,-23.4,131.6,UP
2026-03-19 00:00:00,OLT-OESTE-05,-19.88,170.0,UP
2026-03-19 01:00:00,OLT-CENTRO-01,-20.77,213.0,UP
2026-03-19 01:00:00,OLT-NORTE-02,-21.58,125.1,UP
2026-03-19 01:00:00,OLT-SUL-03,-24.41,140.2,UP
2026-03-19 01:00:00,OLT-LESTE-04,-23.23,104.1,UP
2026-03-19 01:00:00,OLT-OESTE-05,-19.87,109.2,UP
2026-03-19 02:00:00,OLT-CENTRO-01,-20.34,145.3,UP
2026-03-19 02:00:00,OLT-NORTE-02,-21.52,93.6,UP
2026-03-19 02:00:00,OLT-SUL-03,-24.69,99.6,UP
2026-03-19 02:00:00,OLT-LESTE-04,-23.36,63.1,UP
2026-03-19 02:00:00,OLT-OESTE-05,-19.66,83.8,UP
2026-03-19 03:00:00,OLT-CENTRO-01,-20.6,117.4,UP
2026-03-19 03:00:00,OLT-NORTE-02,-21.73,80.6,UP
2026-03-19 03:00:00,OLT-SUL-03,-24.42,85.0,UP
2026-03-19 03:00:00,OLT-LESTE-04,-23.6,53.0,UP
2026-03-19 03:00:00,OLT-OESTE-05,-19.89,66.7,UP
2026-03-19 04:00:00,OLT-CENTRO-01,-20.74,106.1,UP
2026-03-19 04:00:00,OLT-NORTE-02,-22.06,69.1,UP
2026-03-19 04:00:00,OLT-SUL-03,-24.96,75.0,UP
2026-03-19 04:00:00,OLT-LESTE-04,-23.24,44.0,UP
2026-03-19 04:00:00,OLT-OESTE-05,-19.86,52.1,UP
2026-03-19 05:00:00,OLT-CENTRO-01,-20.77,110.3,UP
2026-03-19 05:00:00,OLT-NORTE-02,-21.75,73.5,UP
2026-03-19 05:00:00,OLT-SUL-03,-24.55,84.1,UP
2026-03-19 05:00:00,OLT-LESTE-04,-23.59,45.1,UP
2026-03-19 05:00:00,OLT-OESTE-05,-19.38,55.2,UP
2026-03-19 06:00:00,OLT-CENTRO-01,-20.4,162.8,UP
2026-03-19 06:00:00,OLT-NORTE-02,-21.63,107.4,UP
2026-03-19 06:00:00,OLT-SUL-03,-24.52,112.4,UP
2026-03-19 06:00:00,OLT-LESTE-04,-23.27,83.0,UP
2026-03-19 06:00:00,OLT-OESTE-05,-19.83,82.3,UP
2026-03-19 07:00:00,OLT-CENTRO-01,-20.5,245.0,UP
2026-03-19 07:00:00,OLT-NORTE-02,-21.88,155.5,UP
2026-03-19 07:00:00,OLT-SUL-03,-24.6,187.1,UP
2026-03-19 07:00:00,OLT-LESTE-04,-23.19,117.5,UP
2026-03-19 07:00:00,OLT-OESTE-05,-19.57,125.5,UP
2026-03-19 08:00:00,OLT-CENTRO-01,-20.73,320.7,UP
2026-03-19 08:00:00,OLT-NORTE-02,-21.71,228.0,UP
2026-03-19 08:00:00,OLT-SUL-03,-24.64,245.8,UP
2026-03-19 08:00:00,OLT-LESTE-04,-23.14,165.3,UP
2026-03-19 08:00:00,OLT-OESTE-05,-19.38,163.1,UP
2026-03-19 09:00:00,OLT-CENTRO-01,-20.36,362.6,UP
2026-03-19 09:00:00,OLT-NORTE-02,-21.82,230.3,UP
2026-03-19 09:00:00,OLT-SUL-03,-24.44,255.9,UP
2026-03-19 09:00:00,OLT-LESTE-04,-23.5,182.6,UP
2026-03-19 09:00:00,OLT-OESTE-05,-19.48,205.0,UP
2026-03-19 10:00:00,OLT-CENTRO-01,-20.35,449.6,UP
2026-03-19 10:00:00,OLT-NORTE-02,-21.64,275.6,UP
2026-03-19 10:00:00,OLT-SUL-03,-24.5,309.5,UP
2026-03-19 10:00:00,OLT-LESTE-04,-23.34,191.5,UP
2026-03-19 10:00:00,OLT-OESTE-05,-19.47,245.0,UP
2026-03-19 11:00:00,OLT-CENTRO-01,-20.7,448.8,UP
2026-03-19 11:00:00,OLT-NORTE-02,-21.93,298.3,UP
2026-03-19 11:00:00,OLT-SUL-03,-24.98,325.2,UP
2026-03-19 11:00:00,OLT-LESTE-04,-23.11,206.5,UP
2026-03-19 11:00:00,OLT-OESTE-05,-19.85,231.7,UP
2026-03-19 12:00:00,OLT-CENTRO-01,-20.51,493.9,UP
2026-03-19 12:00:00,OLT-NORTE-02,-21.93,327.2,UP
2026-03-19 12:00:00,OLT-SUL-03,-24.47,356.0,UP
2026-03-19 12:00:00,OLT-LESTE-04,-23.32,231.7,UP
2026-03-19 12:00:00,OLT-OESTE-05,-19.81,271.1,UP
2026-03-19 13:00:00,OLT-CENTRO-01,-20.64,444.1,UP
2026-03-19 13:00:00,OLT-NORTE-02,-21.57,308.6,UP
2026-03-19 13:00:00,OLT-SUL-03,-24.91,342.8,UP
2026-03-19 13:00:00,OLT-LESTE-04,-23.68,204.0,UP
2026-03-19 13:00:00,OLT-OESTE-05,-19.35,267.1,UP
2026-03-19 14:00:00,OLT-CENTRO-01,-20.33,446.0,UP
2026-03-19 14:00:00,OLT-NORTE-02,-21.91,279.8,UP
2026-03-19 14:00:00,OLT-SUL-03,-24.81,328.2,UP
2026-03-19 14:00:00,OLT-LESTE-04,-23.37,229.6,UP
2026-03-19 14:00:00,OLT-OESTE-05,-19.66,225.0,UP
2026-03-19 15:00:00,OLT-CENTRO-01,-20.53,480.5,UP
2026-03-19 15:00:00,OLT-NORTE-02,-22.0,312.7,UP
2026-03-19 15:00:00,OLT-SUL-03,-24.5,346.4,UP
2026-03-19 15:00:00,OLT-LESTE-04,-23.58,210.1,UP
2026-03-19 15:00:00,OLT-OESTE-05,-19.4,259.2,UP
2026-03-19 16:00:00,OLT-CENTRO-01,-20.49,458.5,UP
2026-03-19 16:00:00,OLT-NORTE-02,-21.97,330.6,UP
2026-03-19 16:00:00,OLT-SUL-03,-25.0,401.9,UP
2026-03-19 16:00:00,OLT-LESTE-04,-23.5,254.8,UP
2026-03-19 16:00:00,OLT-OESTE-05,-19.42,289.5,UP
2026-03-19 17:00:00,OLT-CENTRO-01,-20.74,607.3,UP
2026-03-19 17:00:00,OLT-NORTE-02,-21.75,356.9,UP
2026-03-19 17:00:00,OLT-SUL-03,-24.87,426.2,UP
2026-03-19 17:00:00,OLT-LESTE-04,-23.22,282.9,UP
2026-03-19 17:00:00,OLT-OESTE-05,-19.66,284.0,UP
2026-03-19 18:00:00,OLT-CENTRO-01,-20.45,614.9,UP
2026-03-19 18:00:00,OLT-NORTE-02,-21.72,419.4,UP
2026-03-19 18:00:00,OLT-SUL-03,-24.95,454.8,UP
2026-03-19 18:00:00,OLT-LESTE-04,-23.29,322.7,UP
2026-03-19 18:00:00,OLT-OESTE-05,-19.47,339.4,UP
2026-03-19 19:00:00,OLT-CENTRO-01,-20.56,755.1,UP
2026-03-19 19:00:00,OLT-NORTE-02,-21.56,444.6,UP
2026-03-19 19:00:00,OLT-SUL-03,-24.71,586.2,UP
2026-03-19 19:00:00,OLT-LESTE-04,-23.32,318.4,UP
2026-03-19 19:00:00,OLT-OESTE-05,-19.5,419.1,UP
2026-03-19 20:00:00,OLT-CENTRO-01,-20.64,836.0,UP
2026-03-19 20:00:00,OLT-NORTE-02,-21.77,502.3,UP
2026-03-19 20:00:00,OLT-SUL-03,-24.51,625.7,UP
2026-03-19 20:00:00,OLT-LESTE-04,-23.66,362.5,UP
2026-03-19 20:00:00,OLT-OESTE-05,-19.49,434.5,UP
2026-03-19 21:00:00,OLT-CENTRO-01,-20.64,804.3,UP
2026-03-19 21:00:00,OLT-NORTE-02,-21.61,518.0,UP
2026-03-19 21:00:00,OLT-SUL-03,-24.48,572.3,UP
2026-03-19 21:00:00,OLT-LESTE-04,-23.55,396.1,UP
2026-03-19 21:00:00,OLT-OESTE-05,-19.32,416.1,UP
2026-03-19 22:00:00,OLT-CENTRO-01,-20.36,737.3,UP
2026-03-19 22:00:00,OLT-NORTE-02,-21.92,472.3,UP
2026-03-19 22:00:00,OLT-SUL-03,-24.5,515.1,UP
2026-03-19 22:00:00,OLT-LESTE-04,-23.49,350.3,UP
2026-03-19 22:00:00,OLT-OESTE-05,-19.76,398.7,UP
2026-03-19 23:00:00,OLT-CENTRO-01,-20.64,470.1,UP
2026-03-19 23:00:00,OLT-NORTE-02,-21.96,333.1,UP
2026-03-19 23:00:00,OLT-SUL-03,-24.8,358.4,UP
2026-03-19 23:00:00,OLT-LESTE-04,-23.26,210.0,UP
2026-03-19 23:00:00,OLT-OESTE-05,-19.8,273.3,UP
2026-03-20 00:00:00,OLT-CENTRO-01,-20.8,309.2,UP
2026-03-20 00:00:00,OLT-NORTE-02,-21.83,203.3,UP
2026-03-20 00:00:00,OLT-SUL-03,-24.91,224.5,UP
2026-03-20 00:00:00,OLT-LESTE-04,-23.11,132.2,UP
2026-03-20 00:00:00,OLT-OESTE-05,-19.83,146.0,UP
2026-03-20 01:00:00,OLT-CENTRO-01,-20.39,193.6,UP
2026-03-20 01:00:00,OLT-NORTE-02,-22.07,122.2,UP
2026-03-20 01:00:00,OLT-SUL-03,-24.79,139.0,UP
2026-03-20 01:00:00,OLT-LESTE-04,-23.25,86.8,UP
2026-03-20 01:00:00,OLT-OESTE-05,-19.74,103.5,UP
2026-03-20 02:00:00,OLT-CENTRO-01,-20.48,160.7,UP
2026-03-20 02:00:00,OLT-NORTE-02,-21.72,104.5,UP
2026-03-20 02:00:00,OLT-SUL-03,-24.92,107.3,UP
2026-03-20 02:00:00,OLT-LESTE-04,-23.29,70.6,UP
2026-03-20 02:00:00,OLT-OESTE-05,-19.77,85.7,UP
2026-03-20 03:00:00,OLT-CENTRO-01,-20.48,125.5,UP
2026-03-20 03:00:00,OLT-NORTE-02,-21.72,79.6,UP
2026-03-20 03:00:00,OLT-SUL-03,-25.04,89.3,UP
2026-03-20 03:00:00,OLT-LESTE-04,-23.62,53.4,UP
2026-03-20 03:00:00,OLT-OESTE-05,-19.85,62.3,UP
2026-03-20 04:00:00,OLT-CENTRO-01,-20.69,102.5,UP
2026-03-20 04:00:00,OLT-NORTE-02,-22.06,63.1,UP
2026-03-20 04:00:00,OLT-SUL-03,-24.63,76.8,UP
2026-03-20 04:00:00,OLT-LESTE-04,-23.25,49.4,UP
2026-03-20 04:00:00,OLT-OESTE-05,-19.72,59.4,UP
2026-03-20 05:00:00,OLT-CENTRO-01,-20.23,100.7,UP
2026-03-20 05:00:00,OLT-NORTE-02,-21.77,71.0,UP
2026-03-20 05:00:00,OLT-SUL-03,-25.1,72.7,UP
2026-03-20 05:00:00,OLT-LESTE-04,-23.53,44.6,UP
2026-03-20 05:00:00,OLT-OESTE-05,-19.46,60.6,UP
2026-03-20 06:00:00,OLT-CENTRO-01,-20.49,173.2,UP
2026-03-20 06:00:00,OLT-NORTE-02,-21.67,113.5,UP
2026-03-20 06:00:00,OLT-SUL-03,-24.98,115.7,UP
2026-03-20 06:00:00,OLT-LESTE-04,-23.57,74.9,UP
2026-03-20 06:00:00,OLT-OESTE-05,-19.6,84.4,UP
2026-03-20 07:00:00,OLT-CENTRO-01,-20.73,255.4,UP
2026-03-20 07:00:00,OLT-NORTE-02,-21.6,154.9,UP
2026-03-20 07:00:00,OLT-SUL-03,-24.64,181.7,UP
2026-03-20 07:00:00,OLT-LESTE-04,-23.51,108.7,UP
2026-03-20 07:00:00,OLT-OESTE-05,-19.79,125.7,UP
2026-03-20 08:00:00,OLT-CENTRO-01,-20.24,359.7,UP
2026-03-20 08:00:00,OLT-NORTE-02,-22.1,225.1,UP
2026-03-20 08:00:00,OLT-SUL-03,-24.8,234.1,UP
2026-03-20 08:00:00,OLT-LESTE-04,-23.29,138.6,UP
2026-03-20 08:00:00,OLT-OESTE-05,-19.87,175.9,UP
2026-03-20 09:00:00,OLT-CENTRO-01,-20.56,372.9,UP
2026-03-20 09:00:00,OLT-NORTE-02,-21.62,262.8,UP
2026-03-20 09:00:00,OLT-SUL-03,-24.71,301.8,UP
2026-03-20 09:00:00,OLT-LESTE-04,-23.17,183.2,UP
2026-03-20 09:00:00,OLT-OESTE-05,,0.0,DOWN
2026-03-20 10:00:00,OLT-CENTRO-01,-20.42,413.2,UP
2026-03-20 10:00:00,OLT-NORTE-02,-21.64,263.6,UP
2026-03-20 10:00:00,OLT-SUL-03,-24.59,274.7,UP
2026-03-20 10:00:00,OLT-LESTE-04,-23.66,178.1,UP
2026-03-20 10:00:00,OLT-OESTE-05,-19.54,234.0,UP
2026-03-20 11:00:00,OLT-CENTRO-01,-20.21,480.8,UP
2026-03-20 11:00:00,OLT-NORTE-02,-22.08,267.6,UP
2026-03-20 11:00:00,OLT-SUL-03,-24.78,363.6,UP
2026-03-20 11:00:00,OLT-LESTE-04,-23.29,207.4,UP
2026-03-20 11:00:00,OLT-OESTE-05,-19.54,259.6,UP
2026-03-20 12:00:00,OLT-CENTRO-01,-20.48,434.5,UP
2026-03-20 12:00:00,OLT-NORTE-02,-21.5,325.2,UP
2026-03-20 12:00:00,OLT-SUL-03,-24.88,379.1,UP
2026-03-20 12:00:00,OLT-LESTE-04,-23.36,212.1,UP
2026-03-20 12:00:00,OLT-OESTE-05,-19.77,251.7,UP
2026-03-20 13:00:00,OLT-CENTRO-01,-20.69,462.2,UP
2026-03-20 13:00:00,OLT-NORTE-02,-22.05,272.9,UP
2026-03-20 13:00:00,OLT-SUL-03,-24.83,328.7,UP
2026-03-20 13:00:00,OLT-LESTE-04,-23.69,223.1,UP
2026-03-20 13:00:00,OLT-OESTE-05,-19.66,257.7,UP
2026-03-20 14:00:00,OLT-CENTRO-01,-20.71,463.0,UP
2026-03-20 14:00:00,OLT-NORTE-02,-21.86,301.3,UP
2026-03-20 14:00:00,OLT-SUL-03,-25.0,324.9,UP
2026-03-20 14:00:00,OLT-LESTE-04,-23.6,212.3,UP
2026-03-20 14:00:00,OLT-OESTE-05,-19.68,253.8,UP
2026-03-20 15:00:00,OLT-CENTRO-01,-20.76,497.0,UP
2026-03-20 15:00:00,OLT-NORTE-02,-22.05,286.0,UP
2026-03-20 15:00:00,OLT-SUL-03,-25.1,371.0,UP
2026-03-20 15:00:00,OLT-LESTE-04,-23.33,218.8,UP
2026-03-20 15:00:00,OLT-OESTE-05,-19.79,235.4,UP
2026-03-20 16:00:00,OLT-CENTRO-01,-20.66,538.1,UP
2026-03-20 16:00:00,OLT-NORTE-02,-21.53,309.8,UP
2026-03-20 16:00:00,OLT-SUL-03,-24.93,391.0,UP
2026-03-20 16:00:00,OLT-LESTE-04,-23.36,215.7,UP
2026-03-20 16:00:00,OLT-OESTE-05,-19.59,268.2,UP
2026-03-20 17:00:00,OLT-CENTRO-01,-20.76,572.3,UP
2026-03-20 17:00:00,OLT-NORTE-02,-21.78,404.2,UP
2026-03-20 17:00:00,OLT-SUL-03,-24.64,451.0,UP
2026-03-20 17:00:00,OLT-LESTE-04,-23.52,274.7,UP
2026-03-20 17:00:00,OLT-OESTE-05,-19.53,314.2,UP
2026-03-20 18:00:00,OLT-CENTRO-01,-20.62,591.6,UP
2026-03-20 18:00:00,OLT-NORTE-02,-21.68,439.5,UP
2026-03-20 18:00:00,OLT-SUL-03,-25.0,474.8,UP
2026-03-20 18:00:00,OLT-LESTE-04,-23.67,312.7,UP
2026-03-20 18:00:00,OLT-OESTE-05,-19.87,347.4,UP
2026-03-20 19:00:00,OLT-CENTRO-01,-20.5,745.8,UP
2026-03-20 19:00:00,OLT-NORTE-02,-21.59,470.6,UP
2026-03-20 19:00:00,OLT-SUL-03,-24.9,536.8,UP
2026-03-20 19:00:00,OLT-LESTE-04,-23.3,370.4,UP
2026-03-20 19:00:00,OLT-OESTE-05,-19.71,371.6,UP
2026-03-20 20:00:00,OLT-CENTRO-01,-20.3,812.6,UP
2026-03-20 20:00:00,OLT-NORTE-02,-21.89,519.7,UP
2026-03-20 20:00:00,OLT-SUL-03,-24.98,647.4,UP
2026-03-20 20:00:00,OLT-LESTE-04,-23.55,383.7,UP
2026-03-20 20:00:00,OLT-OESTE-05,-19.53,395.7,UP
2026-03-20 21:00:00,OLT-CENTRO-01,-20.47,766.7,UP
2026-03-20 21:00:00,OLT-NORTE-02,-22.07,514.9,UP
2026-03-20 21:00:00,OLT-SUL-03,-24.6,631.8,UP
2026-03-20 21:00:00,OLT-LESTE-04,-23.25,347.3,UP
2026-03-20 21:00:00,OLT-OESTE-05,-19.38,432.6,UP
2026-03-20 22:00:00,OLT-CENTRO-01,-20.65,739.8,UP
2026-03-20 22:00:00,OLT-NORTE-02,-21.61,486.0,UP
2026-03-20 22:00:00,OLT-SUL-03,-24.67,522.4,UP
2026-03-20 22:00:00,OLT-LESTE-04,-23.67,303.5,UP
2026-03-20 22:00:00,OLT-OESTE-05,-19.69,415.4,UP
2026-03-20 23:00:00,OLT-CENTRO-01,-20.4,451.5,UP
2026-03-20 23:00:00,OLT-NORTE-02,-21.88,306.2,UP
2026-03-20 23:00:00,OLT-SUL-03,-24.92,370.5,UP
2026-03-20 23:00:00,OLT-LESTE-04,-23.1,212.3,UP
2026-03-20 23:00:00,OLT-OESTE-05,-19.62,265.6,UP
2026-03-21 00:00:00,OLT-CENTRO-01,-20.76,289.5,UP
2026-03-21 00:00:00,OLT-NORTE-02,-21.54,188.0,UP
2026-03-21 00:00:00,OLT-SUL-03,-25.21,217.3,UP
2026-03-21 00:00:00,OLT-LESTE-04,-23.49,142.9,UP
2026-03-21 00:00:00,OLT-OESTE-05,-19.33,180.5,UP
2026-03-21 01:00:00,OLT-CENTRO-01,-20.38,209.3,UP
2026-03-21 01:00:00,OLT-NORTE-02,-21.58,153.4,UP
2026-03-21 01:00:00,OLT-SUL-03,-24.95,172.0,UP
2026-03-21 01:00:00,OLT-LESTE-04,-23.29,103.8,UP
2026-03-21 01:00:00,OLT-OESTE-05,-19.87,119.0,UP
2026-03-21 02:00:00,OLT-CENTRO-01,-20.79,150.5,UP
2026-03-21 02:00:00,OLT-NORTE-02,-21.59,113.6,UP
2026-03-21 02:00:00,OLT-SUL-03,-24.96,118.9,UP
2026-03-21 02:00:00,OLT-LESTE-04,-23.23,79.9,UP
2026-03-21 02:00:00,OLT-OESTE-05,-19.79,80.5,UP
2026-03-21 03:00:00,OLT-CENTRO-01,-20.75,115.1,UP
2026-03-21 03:00:00,OLT-NORTE-02,-21.82,89.5,UP
2026-03-21 03:00:00,OLT-SUL-03,-24.72,88.0,UP
2026-03-21 03:00:00,OLT-LESTE-04,-23.15,59.1,UP
2026-03-21 03:00:00,OLT-OESTE-05,-19.71,69.6,UP
2026-03-21 04:00:00,OLT-CENTRO-01,-20.77,106.7,UP
2026-03-21 04:00:00,OLT-NORTE-02,-21.83,68.0,UP
2026-03-21 04:00:00,OLT-SUL-03,-25.17,83.2,UP
2026-03-21 04:00:00,OLT-LESTE-04,-23.33,46.6,UP
2026-03-21 04:00:00,OLT-OESTE-05,-19.39,54.3,UP
2026-03-21 05:00:00,OLT-CENTRO-01,-20.39,120.0,UP
2026-03-21 05:00:00,OLT-NORTE-02,-21.61,72.3,UP
2026-03-21 05:00:00,OLT-SUL-03,-24.76,93.3,UP
2026-03-21 05:00:00,OLT-LESTE-04,-23.12,57.1,UP
2026-03-21 05:00:00,OLT-OESTE-05,-19.81,61.6,UP
2026-03-21 06:00:00,OLT-CENTRO-01,-20.44,168.5,UP
2026-03-21 06:00:00,OLT-NORTE-02,-21.95,128.7,UP
2026-03-21 06:00:00,OLT-SUL-03,-25.29,137.4,UP
2026-03-21 06:00:00,OLT-LESTE-04,-23.55,86.5,UP
2026-03-21 06:00:00,OLT-OESTE-05,-19.58,100.4,UP
2026-03-21 07:00:00,OLT-CENTRO-01,-20.76,254.1,UP
2026-03-21 07:00:00,OLT-NORTE-02,-21.86,166.3,UP
2026-03-21 07:00:00,OLT-SUL-03,-24.79,211.2,UP
2026-03-21 07:00:00,OLT-LESTE-04,-23.56,126.6,UP
2026-03-21 07:00:00,OLT-OESTE-05,-19.61,145.9,UP
2026-03-21 08:00:00,OLT-CENTRO-01,-20.46,349.6,UP
2026-03-21 08:00:00,OLT-NORTE-02,-21.53,240.1,UP
2026-03-21 08:00:00,OLT-SUL-03,-24.87,288.7,UP
2026-03-21 08:00:00,OLT-LESTE-04,-23.49,169.4,UP
2026-03-21 08:00:00,OLT-OESTE-05,-19.45,185.6,UP
2026-03-21 09:00:00,OLT-CENTRO-01,-20.39,407.7,UP
2026-03-21 09:00:00,OLT-NORTE-02,-21.63,291.1,UP
2026-03-21 09:00:00,OLT-SUL-03,-24.9,284.8,UP
2026-03-21 09:00:00,OLT-LESTE-04,-23.31,205.2,UP
2026-03-21 09:00:00,OLT-OESTE-05,-19.77,244.6,UP
2026-03-21 10:00:00,OLT-CENTRO-01,-20.23,494.0,UP
2026-03-21 10:00:00,OLT-NORTE-02,-21.81,317.0,UP
2026-03-21 10:00:00,OLT-SUL-03,-24.86,340.6,UP
2026-03-21 10:00:00,OLT-LESTE-04,-23.49,206.5,UP
2026-03-21 10:00:00,OLT-OESTE-05,-19.79,269.9,UP
2026-03-21 11:00:00,OLT-CENTRO-01,-20.7,529.4,UP
2026-03-21 11:00:00,OLT-NORTE-02,-21.85,298.8,UP
2026-03-21 11:00:00,OLT-SUL-03,-25.3,351.4,UP
2026-03-21 11:00:00,OLT-LESTE-04,-23.33,212.5,UP
2026-03-21 11:00:00,OLT-OESTE-05,-19.84,287.9,UP
2026-03-21 12:00:00,OLT-CENTRO-01,-20.42,552.8,UP
2026-03-21 12:00:00,OLT-NORTE-02,-22.08,333.6,UP
2026-03-21 12:00:00,OLT-SUL-03,-24.89,398.8,UP
2026-03-21 12:00:00,OLT-LESTE-04,-23.16,263.6,UP
2026-03-21 12:00:00,OLT-OESTE-05,-19.54,271.9,UP
2026-03-21 13:00:00,OLT-CENTRO-01,-20.27,495.0,UP
2026-03-21 13:00:00,OLT-NORTE-02,-21.61,304.1,UP
2026-03-21 13:00:00,OLT-SUL-03,-24.78,333.3,UP
2026-03-21 13:00:00,OLT-LESTE-04,-23.42,232.8,UP
2026-03-21 13:00:00,OLT-OESTE-05,-19.51,285.1,UP
2026-03-21 14:00:00,OLT-CENTRO-01,-20.77,504.6,UP
2026-03-21 14:00:00,OLT-NORTE-02,-21.61,326.8,UP
2026-03-21 14:00:00,OLT-SUL-03,-24.91,336.2,UP
2026-03-21 14:00:00,OLT-LESTE-04,-23.13,249.5,UP
2026-03-21 14:00:00,OLT-OESTE-05,-19.58,296.9,UP
2026-03-21 15:00:00,OLT-CENTRO-01,-20.38,516.2,UP
2026-03-21 15:00:00,OLT-NORTE-02,-21.59,345.4,UP
2026-03-21 15:00:00,OLT-SUL-03,-25.0,424.6,UP
2026-03-21 15:00:00,OLT-LESTE-04,-23.54,245.5,UP
2026-03-21 15:00:00,OLT-OESTE-05,-19.55,263.3,UP
2026-03-21 16:00:00,OLT-CENTRO-01,-20.37,541.2,UP
2026-03-21 16:00:00,OLT-NORTE-02,-22.04,365.3,UP
2026-03-21 16:00:00,OLT-SUL-03,-24.91,418.1,UP
2026-03-21 16:00:00,OLT-LESTE-04,-23.66,253.8,UP
2026-03-21 16:00:00,OLT-OESTE-05,-19.39,317.9,UP
2026-03-21 17:00:00,OLT-CENTRO-01,-20.69,679.2,UP
2026-03-21 17:00:00,OLT-NORTE-02,-21.95,405.4,UP
2026-03-21 17:00:00,OLT-SUL-03,-24.74,513.0,UP
2026-03-21 17:00:00,OLT-LESTE-04,-23.48,277.0,UP
2026-03-21 17:00:00,OLT-OESTE-05,-19.37,316.8,UP
2026-03-21 18:00:00,OLT-CENTRO-01,-20.44,707.4,UP
2026-03-21 18:00:00,OLT-NORTE-02,-22.07,453.8,UP
2026-03-21 18:00:00,OLT-SUL-03,-25.13,588.1,UP
2026-03-21 18:00:00,OLT-LESTE-04,-23.12,339.0,UP
2026-03-21 18:00:00,OLT-OESTE-05,-19.34,396.7,UP
2026-03-21 19:00:00,OLT-CENTRO-01,-20.75,850.3,UP
2026-03-21 19:00:00,OLT-NORTE-02,-21.69,497.8,UP
2026-03-21 19:00:00,OLT-SUL-03,-25.21,632.2,UP
2026-03-21 19:00:00,OLT-LESTE-04,-23.2,353.2,UP
2026-03-21 19:00:00,OLT-OESTE-05,-19.39,471.8,UP
2026-03-21 20:00:00,OLT-CENTRO-01,-20.59,946.8,UP
2026-03-21 20:00:00,OLT-NORTE-02,-21.88,575.8,UP
2026-03-21 20:00:00,OLT-SUL-03,-24.84,704.8,UP
2026-03-21 20:00:00,OLT-LESTE-04,-23.12,424.0,UP
2026-03-21 20:00:00,OLT-OESTE-05,-19.35,479.9,UP
2026-03-21 21:00:00,OLT-CENTRO-01,-20.38,981.4,UP
2026-03-21 21:00:00,OLT-NORTE-02,-22.07,623.4,UP
2026-03-21 21:00:00,OLT-SUL-03,-24.74,653.3,UP
2026-03-21 21:00:00,OLT-LESTE-04,-23.7,436.4,UP
2026-03-21 21:00:00,OLT-OESTE-05,-19.69,467.6,UP
2026-03-21 22:00:00,OLT-CENTRO-01,-20.71,702.9,UP
2026-03-21 22:00:00,OLT-NORTE-02,-21.71,484.3,UP
2026-03-21 22:00:00,OLT-SUL-03,-25.1,542.5,UP
2026-03-21 22:00:00,OLT-LESTE-04,-23.21,388.4,UP
2026-03-21 22:00:00,OLT-OESTE-05,-19.54,392.9,UP
2026-03-21 23:00:00,OLT-CENTRO-01,-20.64,559.6,UP
2026-03-21 23:00:00,OLT-NORTE-02,-21.95,350.1,UP
2026-03-21 23:00:00,OLT-SUL-03,-25.27,392.7,UP
2026-03-21 23:00:00,OLT-LESTE-04,-23.43,270.8,UP
2026-03-21 23:00:00,OLT-OESTE-05,-19.5,300.6,UP
2026-03-22 00:00:00,OLT-CENTRO-01,-20.38,329.9,UP
2026-03-22 00:00:00,OLT-NORTE-02,-21.72,190.8,UP
2026-03-22 00:00:00,OLT-SUL-03,-25.11,225.0,UP
2026-03-22 00:00:00,OLT-LESTE-04,-23.16,158.6,UP
2026-03-22 00:00:00,OLT-OESTE-05,-19.36,179.2,UP
2026-03-22 01:00:00,OLT-CENTRO-01,-20.38,204.2,UP
2026-03-22 01:00:00,OLT-NORTE-02,-21.59,139.2,UP
2026-03-22 01:00:00,OLT-SUL-03,-24.86,170.8,UP
2026-03-22 01:00:00,OLT-LESTE-04,-23.14,101.2,UP
2026-03-22 01:00:00,OLT-OESTE-05,-19.34,135.8,UP
2026-03-22 02:00:00,OLT-CENTRO-01,-20.6,158.3,UP
2026-03-22 02:00:00,OLT-NORTE-02,-21.69,104.7,UP
2026-03-22 02:00:00,OLT-SUL-03,-25.39,129.0,UP
2026-03-22 02:00:00,OLT-LESTE-04,-23.18,75.5,UP
2026-03-22 02:00:00,OLT-OESTE-05,-19.32,91.2,UP
2026-03-22 03:00:00,OLT-CENTRO-01,-20.56,115.4,UP
2026-03-22 03:00:00,OLT-NORTE-02,-21.72,86.6,UP
2026-03-22 03:00:00,OLT-SUL-03,-24.93,84.7,UP
2026-03-22 03:00:00,OLT-LESTE-04,-23.1,53.8,UP
2026-03-22 03:00:00,OLT-OESTE-05,-19.87,69.9,UP
2026-03-22 04:00:00,OLT-CENTRO-01,-20.49,109.2,UP
2026-03-22 04:00:00,OLT-NORTE-02,-21.66,76.3,UP
2026-03-22 04:00:00,OLT-SUL-03,-25.13,76.9,UP
2026-03-22 04:00:00,OLT-LESTE-04,-23.35,48.8,UP
2026-03-22 04:00:00,OLT-OESTE-05,-19.45,56.6,UP
2026-03-22 05:00:00,OLT-CENTRO-01,-20.22,121.3,UP
2026-03-22 05:00:00,OLT-NORTE-02,-21.7,73.3,UP
2026-03-22 05:00:00,OLT-SUL-03,-25.23,91.9,UP
2026-03-22 05:00:00,OLT-LESTE-04,-23.52,49.7,UP
2026-03-22 05:00:00,OLT-OESTE-05,-19.36,59.1,UP
2026-03-22 06:00:00,OLT-CENTRO-01,-20.42,181.8,UP
2026-03-22 06:00:00,OLT-NORTE-02,-21.77,118.0,UP
2026-03-22 06:00:00,OLT-SUL-03,-25.23,138.7,UP
2026-03-22 06:00:00,OLT-LESTE-04,-23.2,78.1,UP
2026-03-22 06:00:00,OLT-OESTE-05,-19.34,104.2,UP
2026-03-22 07:00:00,OLT-CENTRO-01,-20.68,273.2,UP
2026-03-22 07:00:00,OLT-NORTE-02,-21.91,167.6,UP
2026-03-22 07:00:00,OLT-SUL-03,-25.19,215.7,UP
2026-03-22 07:00:00,OLT-LESTE-04,-23.39,122.4,UP
2026-03-22 07:00:00,OLT-OESTE-05,-19.4,143.4,UP
2026-03-22 08:00:00,OLT-CENTRO-01,-20.63,329.5,UP
2026-03-22 08:00:00,OLT-NORTE-02,-21.6,252.7,UP
2026-03-22 08:00:00,OLT-SUL-03,-25.12,254.7,UP
2026-03-22 08:00:00,OLT-LESTE-04,-23.56,156.4,UP
2026-03-22 08:00:00,OLT-OESTE-05,-19.61,204.8,UP
2026-03-22 09:00:00,OLT-CENTRO-01,-20.66,399.5,UP
2026-03-22 09:00:00,OLT-NORTE-02,-21.8,290.7,UP
2026-03-22 09:00:00,OLT-SUL-03,-25.21,309.2,UP
2026-03-22 09:00:00,OLT-LESTE-04,-23.17,195.0,UP
2026-03-22 09:00:00,OLT-OESTE-05,-19.34,202.5,UP
2026-03-22 10:00:00,OLT-CENTRO-01,-20.71,421.0,UP
2026-03-22 10:00:00,OLT-NORTE-02,-22.06,280.5,UP
2026-03-22 10:00:00,OLT-SUL-03,-25.16,346.8,UP
2026-03-22 10:00:00,OLT-LESTE-04,-23.4,210.7,UP
2026-03-22 10:00:00,OLT-OESTE-05,-19.68,227.5,UP
2026-03-22 11:00:00,OLT-CENTRO-01,-20.3,473.0,UP
2026-03-22 11:00:00,OLT-NORTE-02,-21.74,332.9,UP
2026-03-22 11:00:00,OLT-SUL-03,-24.9,353.0,UP
2026-03-22 11:00:00,OLT-LESTE-04,-23.39,209.5,UP
2026-03-22 11:00:00,OLT-OESTE-05,-19.63,286.7,UP
2026-03-22 12:00:00,OLT-CENTRO-01,-20.71,493.2,UP
2026-03-22 12:00:00,OLT-NORTE-02,-21.55,315.5,UP
2026-03-22 12:00:00,OLT-SUL-03,-25.02,393.6,UP
2026-03-22 12:00:00,OLT-LESTE-04,-23.29,218.8,UP
2026-03-22 12:00:00,OLT-OESTE-05,-19.66,308.1,UP
2026-03-22 13:00:00,OLT-CENTRO-01,-20.42,492.5,UP
2026-03-22 13:00:00,OLT-NORTE-02,-22.07,301.7,UP
2026-03-22 13:00:00,OLT-SUL-03,-25.34,348.1,UP
2026-03-22 13:00:00,OLT-LESTE-04,-23.56,226.3,UP
2026-03-22 13:00:00,OLT-OESTE-05,-19.62,292.9,UP
2026-03-22 14:00:00,OLT-CENTRO-01,-20.61,450.2,UP
2026-03-22 14:00:00,OLT-NORTE-02,-21.83,335.7,UP
2026-03-22 14:00:00,OLT-SUL-03,-25.33,341.1,UP
2026-03-22 14:00:00,OLT-LESTE-04,-23.28,231.3,UP
2026-03-22 14:00:00,OLT-OESTE-05,-19.59,269.3,UP
2026-03-22 15:00:00,OLT-CENTRO-01,-20.29,513.9,UP
2026-03-22 15:00:00,OLT-NORTE-02,-21.76,362.6,UP
2026-03-22 15:00:00,OLT-SUL-03,-24.94,379.7,UP
2026-03-22 15:00:00,OLT-LESTE-04,-23.55,243.8,UP
2026-03-22 15:00:00,OLT-OESTE-05,-19.89,314.5,UP
2026-03-22 16:00:00,OLT-CENTRO-01,-20.22,568.7,UP
2026-03-22 16:00:00,OLT-NORTE-02,-21.96,382.1,UP
2026-03-22 16:00:00,OLT-SUL-03,-25.0,378.9,UP
2026-03-22 16:00:00,OLT-LESTE-04,-23.63,278.7,UP
2026-03-22 16:00:00,OLT-OESTE-05,-19.58,336.3,UP
2026-03-22 17:00:00,OLT-CENTRO-01,-20.43,637.1,UP
2026-03-22 17:00:00,OLT-NORTE-02,-21.6,388.7,UP
2026-03-22 17:00:00,OLT-SUL-03,-25.23,432.2,UP
2026-03-22 17:00:00,OLT-LESTE-04,-23.14,292.7,UP
2026-03-22 17:00:00,OLT-OESTE-05,-19.57,357.8,UP
2026-03-22 18:00:00,OLT-CENTRO-01,-20.63,692.6,UP
2026-03-22 18:00:00,OLT-NORTE-02,-21.55,488.0,UP
2026-03-22 18:00:00,OLT-SUL-03,-25.3,585.9,UP
2026-03-22 18:00:00,OLT-LESTE-04,-23.33,333.7,UP
2026-03-22 18:00:00,OLT-OESTE-05,-19.51,373.9,UP
2026-03-22 19:00:00,OLT-CENTRO-01,-20.35,798.9,UP
2026-03-22 19:00:00,OLT-NORTE-02,-21.93,512.2,UP
2026-03-22 19:00:00,OLT-SUL-03,-24.88,580.3,UP
2026-03-22 19:00:00,OLT-LESTE-04,-23.59,402.9,UP
2026-03-22 19:00:00,OLT-OESTE-05,-19.44,440.6,UP
2026-03-22 20:00:00,OLT-CENTRO-01,-20.46,845.5,UP
2026-03-22 20:00:00,OLT-NORTE-02,-21.81,590.8,UP
2026-03-22 20:00:00,OLT-SUL-03,-24.86,703.0,UP
2026-03-22 20:00:00,OLT-LESTE-04,-23.12,387.3,UP
2026-03-22 20:00:00,OLT-OESTE-05,-19.59,465.1,UP
2026-03-22 21:00:00,OLT-CENTRO-01,-20.47,850.2,UP
2026-03-22 21:00:00,OLT-NORTE-02,-21.71,538.1,UP
2026-03-22 21:00:00,OLT-SUL-03,-25.17,615.8,UP
2026-03-22 21:00:00,OLT-LESTE-04,-23.32,400.7,UP
2026-03-22 21:00:00,OLT-OESTE-05,-19.4,490.8,UP
2026-03-22 22:00:00,OLT-CENTRO-01,-20.66,734.3,UP
2026-03-22 22:00:00,OLT-NORTE-02,-21.85,524.6,UP
2026-03-22 22:00:00,OLT-SUL-03,-25.4,578.9,UP
2026-03-22 22:00:00,OLT-LESTE-04,-23.63,379.5,UP
2026-03-22 22:00:00,OLT-OESTE-05,-19.43,381.7,UP
2026-03-22 23:00:00,OLT-CENTRO-01,-20.49,503.4,UP
2026-03-22 23:00:00,OLT-NORTE-02,-21.93,338.0,UP
2026-03-22 23:00:00,OLT-SUL-03,-25.04,367.1,UP
2026-03-22 23:00:00,OLT-LESTE-04,-23.5,239.1,UP
2026-03-22 23:00:00,OLT-OESTE-05,-19.41,308.2,UP
2026-03-23 00:00:00,OLT-CENTRO-01,-20.45,311.9,UP
2026-03-23 00:00:00,OLT-NORTE-02,-21.71,196.1,UP
2026-03-23 00:00:00,OLT-SUL-03,-25.28,209.4,UP
2026-03-23 00:00:00,OLT-LESTE-04,-23.62,133.6,UP
2026-03-23 00:00:00,OLT-OESTE-05,-19.43,153.9,UP
2026-03-23 01:00:00,OLT-CENTRO-01,-20.43,224.5,UP
2026-03-23 01:00:00,OLT-NORTE-02,-22.06,123.6,UP
2026-03-23 01:00:00,OLT-SUL-03,-25.45,166.3,UP
2026-03-23 01:00:00,OLT-LESTE-04,-23.54,88.6,UP
2026-03-23 01:00:00,OLT-OESTE-05,-19.79,111.7,UP
2026-03-23 02:00:00,OLT-CENTRO-01,-20.29,143.8,UP
2026-03-23 02:00:00,OLT-NORTE-02,-21.72,95.5,UP
2026-03-23 02:00:00,OLT-SUL-03,-25.58,111.5,UP
2026-03-23 02:00:00,OLT-LESTE-04,-23.55,67.0,UP
2026-03-23 02:00:00,OLT-OESTE-05,-19.38,85.4,UP
2026-03-23 03:00:00,OLT-CENTRO-01,-20.79,104.0,UP
2026-03-23 03:00:00,OLT-NORTE-02,-21.53,76.3,UP
2026-03-23 03:00:00,OLT-SUL-03,-25.5,93.6,UP
2026-03-23 03:00:00,OLT-LESTE-04,-23.19,51.1,UP
2026-03-23 03:00:00,OLT-OESTE-05,-19.31,61.8,UP
2026-03-23 04:00:00,OLT-CENTRO-01,-20.48,91.3,UP
2026-03-23 04:00:00,OLT-NORTE-02,-22.1,67.0,UP
2026-03-23 04:00:00,OLT-SUL-03,-25.28,70.9,UP
2026-03-23 04:00:00,OLT-LESTE-04,-23.16,48.7,UP
2026-03-23 04:00:00,OLT-OESTE-05,-19.89,54.6,UP
2026-03-23 05:00:00,OLT-CENTRO-01,-20.41,103.1,UP
2026-03-23 05:00:00,OLT-NORTE-02,-22.05,71.7,UP
2026-03-23 05:00:00,OLT-SUL-03,-25.57,80.5,UP
2026-03-23 05:00:00,OLT-LESTE-04,-23.2,45.2,UP
2026-03-23 05:00:00,OLT-OESTE-05,-19.8,59.2,UP
2026-03-23 06:00:00,OLT-CENTRO-01,-20.22,175.6,UP
2026-03-23 06:00:00,OLT-NORTE-02,-21.54,109.6,UP
2026-03-23 06:00:00,OLT-SUL-03,-25.4,112.4,UP
2026-03-23 06:00:00,OLT-LESTE-04,-23.69,78.0,UP
2026-03-23 06:00:00,OLT-OESTE-05,-19.31,96.5,UP
2026-03-23 07:00:00,OLT-CENTRO-01,-20.55,244.4,UP
2026-03-23 07:00:00,OLT-NORTE-02,-21.52,150.5,UP
2026-03-23 07:00:00,OLT-SUL-03,-25.14,195.5,UP
2026-03-23 07:00:00,OLT-LESTE-04,-23.48,114.2,UP
2026-03-23 07:00:00,OLT-OESTE-05,-19.51,143.6,UP
2026-03-23 08:00:00,OLT-CENTRO-01,-20.59,321.0,UP
2026-03-23 08:00:00,OLT-NORTE-02,-21.67,210.8,UP
2026-03-23 08:00:00,OLT-SUL-03,-25.31,251.1,UP
2026-03-23 08:00:00,OLT-LESTE-04,-23.36,154.2,UP
2026-03-23 08:00:00,OLT-OESTE-05,-19.47,169.8,UP
2026-03-23 09:00:00,OLT-CENTRO-01,-20.74,393.5,UP
2026-03-23 09:00:00,OLT-NORTE-02,-21.93,247.9,UP
2026-03-23 09:00:00,OLT-SUL-03,-25.26,268.4,UP
2026-03-23 09:00:00,OLT-LESTE-04,-23.25,174.2,UP
2026-03-23 09:00:00,OLT-OESTE-05,-19.85,191.1,UP
2026-03-23 10:00:00,OLT-CENTRO-01,-20.63,383.5,UP
2026-03-23 10:00:00,OLT-NORTE-02,-21.68,244.3,UP
2026-03-23 10:00:00,OLT-SUL-03,-25.19,308.3,UP
2026-03-23 10:00:00,OLT-LESTE-04,-23.38,186.5,UP
2026-03-23 10:00:00,OLT-OESTE-05,-19.65,215.5,UP
2026-03-23 11:00:00,OLT-CENTRO-01,-20.69,481.0,UP
2026-03-23 11:00:00,OLT-NORTE-02,-22.03,279.3,UP
2026-03-23 11:00:00,OLT-SUL-03,-25.19,323.5,UP
2026-03-23 11:00:00,OLT-LESTE-04,-23.18,188.8,UP
2026-03-23 11:00:00,OLT-OESTE-05,-19.82,247.7,UP
2026-03-23 12:00:00,OLT-CENTRO-01,-20.56,520.8,UP
2026-03-23 12:00:00,OLT-NORTE-02,-21.74,330.4,UP
2026-03-23 12:00:00,OLT-SUL-03,-25.37,368.1,UP
2026-03-23 12:00:00,OLT-LESTE-04,-23.27,237.9,UP
2026-03-23 12:00:00,OLT-OESTE-05,-19.56,286.9,UP
2026-03-23 13:00:00,OLT-CENTRO-01,-20.3,415.1,UP
2026-03-23 13:00:00,OLT-NORTE-02,-21.66,316.4,UP
2026-03-23 13:00:00,OLT-SUL-03,-25.2,302.3,UP
2026-03-23 13:00:00,OLT-LESTE-04,-23.53,203.4,UP
2026-03-23 13:00:00,OLT-OESTE-05,-19.87,224.0,UP
2026-03-23 14:00:00,OLT-CENTRO-01,-20.72,445.8,UP
2026-03-23 14:00:00,OLT-NORTE-02,-21.68,278.6,UP
2026-03-23 14:00:00,OLT-SUL-03,-25.51,349.0,UP
2026-03-23 14:00:00,OLT-LESTE-04,-23.21,191.8,UP
2026-03-23 14:00:00,OLT-OESTE-05,-19.36,260.1,UP
2026-03-23 15:00:00,OLT-CENTRO-01,-20.29,437.5,UP
2026-03-23 15:00:00,OLT-NORTE-02,-21.52,294.3,UP
2026-03-23 15:00:00,OLT-SUL-03,-25.17,386.1,UP
2026-03-23 15:00:00,OLT-LESTE-04,-23.25,209.2,UP
2026-03-23 15:00:00,OLT-OESTE-05,-19.51,271.3,UP
2026-03-23 16:00:00,OLT-CENTRO-01,-20.34,542.3,UP
2026-03-23 16:00:00,OLT-NORTE-02,-22.01,354.0,UP
2026-03-23 16:00:00,OLT-SUL-03,-25.15,362.5,UP
2026-03-23 16:00:00,OLT-LESTE-04,-23.17,234.0,UP
2026-03-23 16:00:00,OLT-OESTE-05,-19.79,279.8,UP
2026-03-23 17:00:00,OLT-CENTRO-01,-20.79,602.6,UP
2026-03-23 17:00:00,OLT-NORTE-02,-21.7,354.3,UP
2026-03-23 17:00:00,OLT-SUL-03,-25.41,439.3,UP
2026-03-23 17:00:00,OLT-LESTE-04,-23.52,289.3,UP
2026-03-23 17:00:00,OLT-OESTE-05,-19.3,289.3,UP
2026-03-23 18:00:00,OLT-CENTRO-01,-20.67,610.9,UP
2026-03-23 18:00:00,OLT-NORTE-02,-22.0,401.5,UP
2026-03-23 18:00:00,OLT-SUL-03,-25.58,474.3,UP
2026-03-23 18:00:00,OLT-LESTE-04,-23.12,288.5,UP
2026-03-23 18:00:00,OLT-OESTE-05,-19.73,395.3,UP
2026-03-23 19:00:00,OLT-CENTRO-01,-20.8,742.6,UP
2026-03-23 19:00:00,OLT-NORTE-02,-21.65,442.4,UP
2026-03-23 19:00:00,OLT-SUL-03,-25.36,585.2,UP
2026-03-23 19:00:00,OLT-LESTE-04,-23.14,351.8,UP
2026-03-23 19:00:00,OLT-OESTE-05,-19.83,386.2,UP
2026-03-23 20:00:00,OLT-CENTRO-01,-20.62,743.4,UP
2026-03-23 20:00:00,OLT-NORTE-02,-21.54,571.8,UP
2026-03-23 20:00:00,OLT-SUL-03,-25.36,546.3,UP
2026-03-23 20:00:00,OLT-LESTE-04,-23.6,402.5,UP
2026-03-23 20:00:00,OLT-OESTE-05,-19.66,430.0,UP
2026-03-23 21:00:00,OLT-CENTRO-01,-20.45,866.2,UP
2026-03-23 21:00:00,OLT-NORTE-02,-21.54,571.1,UP
2026-03-23 21:00:00,OLT-SUL-03,-25.56,600.5,UP
2026-03-23 21:00:00,OLT-LESTE-04,-23.64,407.5,UP
2026-03-23 21:00:00,OLT-OESTE-05,-19.51,462.8,UP
2026-03-23 22:00:00,OLT-CENTRO-01,-20.43,724.8,UP
2026-03-23 22:00:00,OLT-NORTE-02,-21.62,473.4,UP
2026-03-23 22:00:00,OLT-SUL-03,-25.23,509.1,UP
2026-03-23 22:00:00,OLT-LESTE-04,-23.37,341.8,UP
2026-03-23 22:00:00,OLT-OESTE-05,-19.32,412.0,UP
2026-03-23 23:00:00,OLT-CENTRO-01,-20.35,486.5,UP
2026-03-23 23:00:00,OLT-NORTE-02,-21.89,320.7,UP
2026-03-23 23:00:00,OLT-SUL-03,-25.54,336.1,UP
2026-03-23 23:00:00,OLT-LESTE-04,-23.34,216.0,UP
2026-03-23 23:00:00,OLT-OESTE-05,-19.34,287.6,UP
2026-03-24 00:00:00,OLT-CENTRO-01,-20.67,273.8,UP
2026-03-24 00:00:00,OLT-NORTE-02,-21.91,186.0,UP
2026-03-24 00:00:00,OLT-SUL-03,-25.74,217.2,UP
2026-03-24 00:00:00,OLT-LESTE-04,-23.23,129.3,UP
2026-03-24 00:00:00,OLT-OESTE-05,-19.89,170.2,UP
2026-03-24 01:00:00,OLT-CENTRO-01,-20.29,205.6,UP
2026-03-24 01:00:00,OLT-NORTE-02,-21.79,126.0,UP
2026-03-24 01:00:00,OLT-SUL-03,-25.74,151.7,UP
2026-03-24 01:00:00,OLT-LESTE-04,-23.47,104.0,UP
2026-03-24 01:00:00,OLT-OESTE-05,-19.52,108.8,UP
2026-03-24 02:00:00,OLT-CENTRO-01,-20.68,138.4,UP
2026-03-24 02:00:00,OLT-NORTE-02,-21.64,89.6,UP
2026-03-24 02:00:00,OLT-SUL-03,-25.31,104.4,UP
2026-03-24 02:00:00,OLT-LESTE-04,-23.37,70.2,UP
2026-03-24 02:00:00,OLT-OESTE-05,-19.65,73.4,UP
2026-03-24 03:00:00,OLT-CENTRO-01,-20.53,120.3,UP
2026-03-24 03:00:00,OLT-NORTE-02,-21.73,70.3,UP
2026-03-24 03:00:00,OLT-SUL-03,-25.27,89.5,UP
2026-03-24 03:00:00,OLT-LESTE-04,-23.28,50.0,UP
2026-03-24 03:00:00,OLT-OESTE-05,-19.61,69.3,UP
2026-03-24 04:00:00,OLT-CENTRO-01,-20.51,105.5,UP
2026-03-24 04:00:00,OLT-NORTE-02,-21.81,63.6,UP
2026-03-24 04:00:00,OLT-SUL-03,-25.49,79.9,UP
2026-03-24 04:00:00,OLT-LESTE-04,-23.25,46.3,UP
2026-03-24 04:00:00,OLT-OESTE-05,-19.37,57.1,UP
2026-03-24 05:00:00,OLT-CENTRO-01,-20.31,97.8,UP
2026-03-24 05:00:00,OLT-NORTE-02,-21.87,68.2,UP
2026-03-24 05:00:00,OLT-SUL-03,-25.33,73.4,UP
2026-03-24 05:00:00,OLT-LESTE-04,-23.4,54.0,UP
2026-03-24 05:00:00,OLT-OESTE-05,-19.82,56.7,UP
2026-03-24 06:00:00,OLT-CENTRO-01,-20.77,163.4,UP
2026-03-24 06:00:00,OLT-NORTE-02,-21.6,113.4,UP
2026-03-24 06:00:00,OLT-SUL-03,-25.63,129.2,UP
2026-03-24 06:00:00,OLT-LESTE-04,-23.44,81.1,UP
2026-03-24 06:00:00,OLT-OESTE-05,-19.86,90.5,UP
2026-03-24 07:00:00,OLT-CENTRO-01,-20.74,229.0,UP
2026-03-24 07:00:00,OLT-NORTE-02,-21.72,170.4,UP
2026-03-24 07:00:00,OLT-SUL-03,-25.7,195.3,UP
2026-03-24 07:00:00,OLT-LESTE-04,-23.68,120.0,UP
2026-03-24 07:00:00,OLT-OESTE-05,-19.68,135.9,UP
2026-03-24 08:00:00,OLT-CENTRO-01,-20.39,302.7,UP
2026-03-24 08:00:00,OLT-NORTE-02,-21.8,223.4,UP
2026-03-24 08:00:00,OLT-SUL-03,-25.61,233.5,UP
2026-03-24 08:00:00,OLT-LESTE-04,-23.22,157.0,UP
2026-03-24 08:00:00,OLT-OESTE-05,-19.47,183.5,UP
2026-03-24 09:00:00,OLT-CENTRO-01,-20.37,339.3,UP
2026-03-24 09:00:00,OLT-NORTE-02,-21.56,220.0,UP
2026-03-24 09:00:00,OLT-SUL-03,-25.55,262.7,UP
2026-03-24 09:00:00,OLT-LESTE-04,-23.43,184.0,UP
2026-03-24 09:00:00,OLT-OESTE-05,-19.68,185.5,UP
2026-03-24 10:00:00,OLT-CENTRO-01,-20.37,443.8,UP
2026-03-24 10:00:00,OLT-NORTE-02,-21.84,261.5,UP
2026-03-24 10:00:00,OLT-SUL-03,-25.45,314.4,UP
2026-03-24 10:00:00,OLT-LESTE-04,-23.13,193.6,UP
2026-03-24 10:00:00,OLT-OESTE-05,-19.53,211.2,UP
2026-03-24 11:00:00,OLT-CENTRO-01,-20.6,413.6,UP
2026-03-24 11:00:00,OLT-NORTE-02,-21.72,326.0,UP
2026-03-24 11:00:00,OLT-SUL-03,-25.6,352.1,UP
2026-03-24 11:00:00,OLT-LESTE-04,-23.69,203.3,UP
2026-03-24 11:00:00,OLT-OESTE-05,-19.88,257.7,UP
2026-03-24 12:00:00,OLT-CENTRO-01,-20.76,457.4,UP
2026-03-24 12:00:00,OLT-NORTE-02,-21.89,323.4,UP
2026-03-24 12:00:00,OLT-SUL-03,-25.54,381.7,UP
2026-03-24 12:00:00,OLT-LESTE-04,-23.62,227.0,UP
2026-03-24 12:00:00,OLT-OESTE-05,-19.36,285.7,UP
2026-03-24 13:00:00,OLT-CENTRO-01,-20.53,487.0,UP
2026-03-24 13:00:00,OLT-NORTE-02,-21.56,297.1,UP
2026-03-24 13:00:00,OLT-SUL-03,-25.46,322.1,UP
2026-03-24 13:00:00,OLT-LESTE-04,-23.46,215.2,UP
2026-03-24 13:00:00,OLT-OESTE-05,-19.8,239.9,UP
2026-03-24 14:00:00,OLT-CENTRO-01,-20.7,493.6,UP
2026-03-24 14:00:00,OLT-NORTE-02,-21.69,274.3,UP
2026-03-24 14:00:00,OLT-SUL-03,-25.41,330.8,UP
2026-03-24 14:00:00,OLT-LESTE-04,-23.31,229.2,UP
2026-03-24 14:00:00,OLT-OESTE-05,-19.62,250.8,UP
2026-03-24 15:00:00,OLT-CENTRO-01,-20.55,498.6,UP
2026-03-24 15:00:00,OLT-NORTE-02,-21.72,292.0,UP
2026-03-24 15:00:00,OLT-SUL-03,-25.42,366.5,UP
2026-03-24 15:00:00,OLT-LESTE-04,-23.31,229.5,UP
2026-03-24 15:00:00,OLT-OESTE-05,-19.42,268.2,UP
2026-03-24 16:00:00,OLT-CENTRO-01,-20.79,524.7,UP
2026-03-24 16:00:00,OLT-NORTE-02,-21.72,336.9,UP
2026-03-24 16:00:00,OLT-SUL-03,-25.47,391.1,UP
2026-03-24 16:00:00,OLT-LESTE-04,-23.19,247.2,UP
2026-03-24 16:00:00,OLT-OESTE-05,-19.81,306.2,UP
2026-03-24 17:00:00,OLT-CENTRO-01,-20.58,545.9,UP
2026-03-24 17:00:00,OLT-NORTE-02,-21.61,356.7,UP
2026-03-24 17:00:00,OLT-SUL-03,-25.23,401.5,UP
2026-03-24 17:00:00,OLT-LESTE-04,-23.17,241.5,UP
2026-03-24 17:00:00,OLT-OESTE-05,-19.71,342.9,UP
2026-03-24 18:00:00,OLT-CENTRO-01,-20.54,703.0,UP
2026-03-24 18:00:00,OLT-NORTE-02,-21.67,398.1,UP
2026-03-24 18:00:00,OLT-SUL-03,-25.44,519.0,UP
2026-03-24 18:00:00,OLT-LESTE-04,-23.3,289.6,UP
2026-03-24 18:00:00,OLT-OESTE-05,-19.59,339.6,UP
2026-03-24 19:00:00,OLT-CENTRO-01,-20.54,811.3,UP
2026-03-24 19:00:00,OLT-NORTE-02,-21.86,498.3,UP
2026-03-24 19:00:00,OLT-SUL-03,-25.64,525.5,UP
2026-03-24 19:00:00,OLT-LESTE-04,-23.51,342.3,UP
2026-03-24 19:00:00,OLT-OESTE-05,-19.9,427.6,UP
2026-03-24 20:00:00,OLT-CENTRO-01,-20.78,779.7,UP
2026-03-24 20:00:00,OLT-NORTE-02,-21.77,517.2,UP
2026-03-24 20:00:00,OLT-SUL-03,-25.55,644.8,UP
2026-03-24 20:00:00,OLT-LESTE-04,-23.33,393.3,UP
2026-03-24 20:00:00,OLT-OESTE-05,-19.33,468.8,UP
2026-03-24 21:00:00,OLT-CENTRO-01,-20.21,831.3,UP
2026-03-24 21:00:00,OLT-NORTE-02,-21.53,515.3,UP
2026-03-24 21:00:00,OLT-SUL-03,-25.24,635.1,UP
2026-03-24 21:00:00,OLT-LESTE-04,-23.49,343.6,UP
2026-03-24 21:00:00,OLT-OESTE-05,-19.43,420.6,UP
2026-03-24 22:00:00,OLT-CENTRO-01,-20.75,679.4,UP
2026-03-24 22:00:00,OLT-NORTE-02,-21.92,431.9,UP
2026-03-24 22:00:00,OLT-SUL-03,-25.24,475.0,UP
2026-03-24 22:00:00,OLT-LESTE-04,-23.6,291.5,UP
2026-03-24 22:00:00,OLT-OESTE-05,-19.5,385.7,UP
2026-03-24 23:00:00,OLT-CENTRO-01,-20.76,457.5,UP
2026-03-24 23:00:00,OLT-NORTE-02,-21.81,317.3,UP
2026-03-24 23:00:00,OLT-SUL-03,-25.69,333.8,UP
2026-03-24 23:00:00,OLT-LESTE-04,-23.14,214.0,UP
2026-03-24 23:00:00,OLT-OESTE-05,-19.72,255.5,UP
2026-03-25 00:00:00,OLT-CENTRO-01,-20.62,289.9,UP
2026-03-25 00:00:00,OLT-NORTE-02,-21.9,204.2,UP
2026-03-25 00:00:00,OLT-SUL-03,-25.84,232.8,UP
2026-03-25 00:00:00,OLT-LESTE-04,-23.59,144.9,UP
2026-03-25 00:00:00,OLT-OESTE-05,-19.62,153.4,UP
2026-03-25 01:00:00,OLT-CENTRO-01,-20.59,218.3,UP
2026-03-25 01:00:00,OLT-NORTE-02,-21.74,131.0,UP
2026-03-25 01:00:00,OLT-SUL-03,-25.87,152.2,UP
2026-03-25 01:00:00,OLT-LESTE-04,,0.0,DOWN
2026-03-25 01:00:00,OLT-OESTE-05,-19.81,119.9,UP
2026-03-25 02:00:00,OLT-CENTRO-01,-20.34,146.9,UP
2026-03-25 02:00:00,OLT-NORTE-02,-21.68,106.6,UP
2026-03-25 02:00:00,OLT-SUL-03,-25.83,109.1,UP
2026-03-25 02:00:00,OLT-LESTE-04,,0.0,DOWN
2026-03-25 02:00:00,OLT-OESTE-05,-19.55,83.5,UP
2026-03-25 03:00:00,OLT-CENTRO-01,-20.78,113.0,UP
2026-03-25 03:00:00,OLT-NORTE-02,-21.81,79.5,UP
2026-03-25 03:00:00,OLT-SUL-03,-25.45,88.1,UP
2026-03-25 03:00:00,OLT-LESTE-04,,0.0,DOWN
2026-03-25 03:00:00,OLT-OESTE-05,-19.54,60.6,UP
2026-03-25 04:00:00,OLT-CENTRO-01,-20.64,104.4,UP
2026-03-25 04:00:00,OLT-NORTE-02,-21.57,67.0,UP
2026-03-25 04:00:00,OLT-SUL-03,-25.67,72.3,UP
2026-03-25 04:00:00,OLT-LESTE-04,,0.0,DOWN
2026-03-25 04:00:00,OLT-OESTE-05,-19.69,56.6,UP
2026-03-25 05:00:00,OLT-CENTRO-01,-20.5,99.6,UP
2026-03-25 05:00:00,OLT-NORTE-02,-22.01,65.0,UP
2026-03-25 05:00:00,OLT-SUL-03,-25.37,75.1,UP
2026-03-25 05:00:00,OLT-LESTE-04,,0.0,DOWN
2026-03-25 05:00:00,OLT-OESTE-05,-19.78,63.7,UP
2026-03-25 06:00:00,OLT-CENTRO-01,-20.66,168.8,UP
2026-03-25 06:00:00,OLT-NORTE-02,-22.05,105.6,UP
2026-03-25 06:00:00,OLT-SUL-03,-25.61,125.7,UP
2026-03-25 06:00:00,OLT-LESTE-04,-23.19,69.4,UP
2026-03-25 06:00:00,OLT-OESTE-05,-19.58,91.7,UP
2026-03-25 07:00:00,OLT-CENTRO-01,-20.35,257.1,UP
2026-03-25 07:00:00,OLT-NORTE-02,-21.63,163.0,UP
2026-03-25 07:00:00,OLT-SUL-03,-25.72,165.2,UP
2026-03-25 07:00:00,OLT-LESTE-04,-23.39,125.3,UP
2026-03-25 07:00:00,OLT-OESTE-05,-19.63,143.0,UP
2026-03-25 08:00:00,OLT-CENTRO-01,-20.54,318.6,UP
2026-03-25 08:00:00,OLT-NORTE-02,-21.66,202.7,UP
2026-03-25 08:00:00,OLT-SUL-03,-25.67,240.5,UP
2026-03-25 08:00:00,OLT-LESTE-04,-23.48,164.3,UP
2026-03-25 08:00:00,OLT-OESTE-05,-19.88,188.3,UP
2026-03-25 09:00:00,OLT-CENTRO-01,-20.24,345.8,UP
2026-03-25 09:00:00,OLT-NORTE-02,-21.69,240.8,UP
2026-03-25 09:00:00,OLT-SUL-03,-25.86,283.1,UP
2026-03-25 09:00:00,OLT-LESTE-04,-23.16,171.6,UP
2026-03-25 09:00:00,OLT-OESTE-05,-19.82,191.1,UP
2026-03-25 10:00:00,OLT-CENTRO-01,-20.38,396.4,UP
2026-03-25 10:00:00,OLT-NORTE-02,-22.08,269.9,UP
2026-03-25 10:00:00,OLT-SUL-03,-25.54,312.4,UP
2026-03-25 10:00:00,OLT-LESTE-04,-23.23,187.3,UP
2026-03-25 10:00:00,OLT-OESTE-05,-19.36,205.7,UP
2026-03-25 11:00:00,OLT-CENTRO-01,-20.65,406.1,UP
2026-03-25 11:00:00,OLT-NORTE-02,-22.03,274.0,UP
2026-03-25 11:00:00,OLT-SUL-03,-25.56,323.4,UP
2026-03-25 11:00:00,OLT-LESTE-04,-23.54,214.6,UP
2026-03-25 11:00:00,OLT-OESTE-05,-19.39,234.8,UP
2026-03-25 12:00:00,OLT-CENTRO-01,-20.31,438.2,UP
2026-03-25 12:00:00,OLT-NORTE-02,-21.94,318.7,UP
2026-03-25 12:00:00,OLT-SUL-03,-25.51,322.6,UP
2026-03-25 12:00:00,OLT-LESTE-04,-23.67,211.3,UP
2026-03-25 12:00:00,OLT-OESTE-05,-19.36,281.9,UP
2026-03-25 13:00:00,OLT-CENTRO-01,-20.6,418.1,UP
2026-03-25 13:00:00,OLT-NORTE-02,-21.8,306.1,UP
2026-03-25 13:00:00,OLT-SUL-03,-25.57,318.5,UP
2026-03-25 13:00:00,OLT-LESTE-04,-23.66,189.0,UP
2026-03-25 13:00:00,OLT-OESTE-05,-19.82,226.3,UP
2026-03-25 14:00:00,OLT-CENTRO-01,-20.61,427.2,UP
2026-03-25 14:00:00,OLT-NORTE-02,-21.85,268.7,UP
2026-03-25 14:00:00,OLT-SUL-03,-25.63,311.7,UP
2026-03-25 14:00:00,OLT-LESTE-04,-23.47,188.9,UP
2026-03-25 14:00:00,OLT-OESTE-05,-19.64,231.2,UP
2026-03-25 15:00:00,OLT-CENTRO-01,-20.31,469.9,UP
2026-03-25 15:00:00,OLT-NORTE-02,-21.69,323.1,UP
2026-03-25 15:00:00,OLT-SUL-03,-25.88,377.4,UP
2026-03-25 15:00:00,OLT-LESTE-04,-23.22,226.4,UP
2026-03-25 15:00:00,OLT-OESTE-05,-19.41,272.0,UP
2026-03-25 16:00:00,OLT-CENTRO-01,-20.75,558.2,UP
2026-03-25 16:00:00,OLT-NORTE-02,-22.01,362.4,UP
2026-03-25 16:00:00,OLT-SUL-03,-25.84,390.7,UP
2026-03-25 16:00:00,OLT-LESTE-04,-23.29,249.0,UP
2026-03-25 16:00:00,OLT-OESTE-05,-19.52,272.9,UP
2026-03-25 17:00:00,OLT-CENTRO-01,-20.3,627.4,UP
2026-03-25 17:00:00,OLT-NORTE-02,-21.86,372.2,UP
2026-03-25 17:00:00,OLT-SUL-03,-25.63,388.8,UP
2026-03-25 17:00:00,OLT-LESTE-04,-23.2,280.3,UP
2026-03-25 17:00:00,OLT-OESTE-05,-19.79,315.9,UP
2026-03-25 18:00:00,OLT-CENTRO-01,-20.53,657.0,UP
2026-03-25 18:00:00,OLT-NORTE-02,-21.84,438.4,UP
2026-03-25 18:00:00,OLT-SUL-03,-25.71,481.9,UP
2026-03-25 18:00:00,OLT-LESTE-04,-23.4,277.7,UP
2026-03-25 18:00:00,OLT-OESTE-05,-19.81,394.3,UP
2026-03-25 19:00:00,OLT-CENTRO-01,-20.33,766.4,UP
2026-03-25 19:00:00,OLT-NORTE-02,-21.98,519.9,UP
2026-03-25 19:00:00,OLT-SUL-03,-25.77,571.5,UP
2026-03-25 19:00:00,OLT-LESTE-04,-23.31,343.4,UP
2026-03-25 19:00:00,OLT-OESTE-05,-19.88,442.8,UP
2026-03-25 20:00:00,OLT-CENTRO-01,-20.5,752.6,UP
2026-03-25 20:00:00,OLT-NORTE-02,-21.87,519.2,UP
2026-03-25 20:00:00,OLT-SUL-03,-25.55,556.5,UP
2026-03-25 20:00:00,OLT-LESTE-04,-23.2,336.2,UP
2026-03-25 20:00:00,OLT-OESTE-05,-19.57,395.6,UP
2026-03-25 21:00:00,OLT-CENTRO-01,-20.25,772.5,UP
2026-03-25 21:00:00,OLT-NORTE-02,-21.61,574.2,UP
2026-03-25 21:00:00,OLT-SUL-03,-25.48,645.5,UP
2026-03-25 21:00:00,OLT-LESTE-04,-23.18,395.9,UP
2026-03-25 21:00:00,OLT-OESTE-05,-19.77,441.4,UP
2026-03-25 22:00:00,OLT-CENTRO-01,-20.23,749.1,UP
2026-03-25 22:00:00,OLT-NORTE-02,-21.93,492.0,UP
2026-03-25 22:00:00,OLT-SUL-03,-25.46,487.3,UP
2026-03-25 22:00:00,OLT-LESTE-04,-23.49,293.4,UP
2026-03-25 22:00:00,OLT-OESTE-05,-19.6,407.3,UP
2026-03-25 23:00:00,OLT-CENTRO-01,-20.63,524.4,UP
2026-03-25 23:00:00,OLT-NORTE-02,-21.87,312.6,UP
2026-03-25 23:00:00,OLT-SUL-03,-25.4,355.6,UP
2026-03-25 23:00:00,OLT-LESTE-04,-23.65,207.7,UP
2026-03-25 23:00:00,OLT-OESTE-05,-19.64,255.2,UP
2026-03-26 00:00:00,OLT-CENTRO-01,-20.75,269.9,UP
2026-03-26 00:00:00,OLT-NORTE-02,-21.8,176.7,UP
2026-03-26 00:00:00,OLT-SUL-03,-25.63,198.9,UP
2026-03-26 00:00:00,OLT-LESTE-04,-23.49,127.7,UP
2026-03-26 00:00:00,OLT-OESTE-05,-19.82,154.0,UP
2026-03-26 01:00:00,OLT-CENTRO-01,-20.31,193.1,UP
2026-03-26 01:00:00,OLT-NORTE-02,-21.69,144.8,UP
2026-03-26 01:00:00,OLT-SUL-03,-25.83,159.8,UP
2026-03-26 01:00:00,OLT-LESTE-04,-23.42,102.6,UP
2026-03-26 01:00:00,OLT-OESTE-05,-19.53,106.8,UP
2026-03-26 02:00:00,OLT-CENTRO-01,-20.35,158.0,UP
2026-03-26 02:00:00,OLT-NORTE-02,-21.51,103.6,UP
2026-03-26 02:00:00,OLT-SUL-03,-25.48,100.1,UP
2026-03-26 02:00:00,OLT-LESTE-04,-23.13,63.8,UP
2026-03-26 02:00:00,OLT-OESTE-05,-19.59,80.2,UP
2026-03-26 03:00:00,OLT-CENTRO-01,-20.3,103.6,UP
2026-03-26 03:00:00,OLT-NORTE-02,-21.7,71.4,UP
2026-03-26 03:00:00,OLT-SUL-03,-25.53,78.8,UP
2026-03-26 03:00:00,OLT-LESTE-04,-23.16,57.9,UP
2026-03-26 03:00:00,OLT-OESTE-05,-19.45,67.2,UP
2026-03-26 04:00:00,OLT-CENTRO-01,-20.63,93.4,UP
2026-03-26 04:00:00,OLT-NORTE-02,-21.94,66.3,UP
2026-03-26 04:00:00,OLT-SUL-03,-25.68,74.0,UP
2026-03-26 04:00:00,OLT-LESTE-04,-23.65,50.0,UP
2026-03-26 04:00:00,OLT-OESTE-05,-19.88,59.0,UP
2026-03-26 05:00:00,OLT-CENTRO-01,-20.54,103.8,UP
2026-03-26 05:00:00,OLT-NORTE-02,-21.9,74.4,UP
2026-03-26 05:00:00,OLT-SUL-03,-25.63,73.6,UP
2026-03-26 05:00:00,OLT-LESTE-04,-23.11,54.2,UP
2026-03-26 05:00:00,OLT-OESTE-05,-19.43,54.3,UP
2026-03-26 06:00:00,OLT-CENTRO-01,-20.8,158.6,UP
2026-03-26 06:00:00,OLT-NORTE-02,-21.62,98.0,UP
2026-03-26 06:00:00,OLT-SUL-03,-25.83,118.4,UP
2026-03-26 06:00:00,OLT-LESTE-04,-23.58,81.0,UP
2026-03-26 06:00:00,OLT-OESTE-05,-19.75,93.0,UP
2026-03-26 07:00:00,OLT-CENTRO-01,-20.45,254.9,UP
2026-03-26 07:00:00,OLT-NORTE-02,-22.06,153.8,UP
2026-03-26 07:00:00,OLT-SUL-03,-25.83,174.0,UP
2026-03-26 07:00:00,OLT-LESTE-04,-23.17,115.1,UP
2026-03-26 07:00:00,OLT-OESTE-05,-19.61,142.6,UP
2026-03-26 08:00:00,OLT-CENTRO-01,-20.65,346.3,UP
2026-03-26 08:00:00,OLT-NORTE-02,-21.71,233.9,UP
2026-03-26 08:00:00,OLT-SUL-03,-25.76,241.4,UP
2026-03-26 08:00:00,OLT-LESTE-04,-23.33,158.3,UP
2026-03-26 08:00:00,OLT-OESTE-05,-19.58,181.2,UP
2026-03-26 09:00:00,OLT-CENTRO-01,-20.68,342.2,UP
2026-03-26 09:00:00,OLT-NORTE-02,-22.06,248.1,UP
2026-03-26 09:00:00,OLT-SUL-03,-25.68,291.1,UP
2026-03-26 09:00:00,OLT-LESTE-04,-23.26,183.9,UP
2026-03-26 09:00:00,OLT-OESTE-05,-19.63,191.3,UP
2026-03-26 10:00:00,OLT-CENTRO-01,-20.65,383.9,UP
2026-03-26 10:00:00,OLT-NORTE-02,-21.88,250.5,UP
2026-03-26 10:00:00,OLT-SUL-03,-25.75,325.9,UP
2026-03-26 10:00:00,OLT-LESTE-04,-23.49,176.4,UP
2026-03-26 10:00:00,OLT-OESTE-05,-19.77,242.1,UP
2026-03-26 11:00:00,OLT-CENTRO-01,-20.65,457.9,UP
2026-03-26 11:00:00,OLT-NORTE-02,-21.54,270.7,UP
2026-03-26 11:00:00,OLT-SUL-03,-25.47,331.8,UP
2026-03-26 11:00:00,OLT-LESTE-04,-23.62,215.1,UP
2026-03-26 11:00:00,OLT-OESTE-05,-19.42,250.1,UP
2026-03-26 12:00:00,OLT-CENTRO-01,-20.73,509.7,UP
2026-03-26 12:00:00,OLT-NORTE-02,-22.09,312.2,UP
2026-03-26 12:00:00,OLT-SUL-03,-25.61,354.8,UP
2026-03-26 12:00:00,OLT-LESTE-04,-23.32,237.3,UP
2026-03-26 12:00:00,OLT-OESTE-05,-19.7,263.4,UP
2026-03-26 13:00:00,OLT-CENTRO-01,-20.45,491.5,UP
2026-03-26 13:00:00,OLT-NORTE-02,-21.62,295.8,UP
2026-03-26 13:00:00,OLT-SUL-03,-25.49,345.3,UP
2026-03-26 13:00:00,OLT-LESTE-04,-23.13,227.8,UP
2026-03-26 13:00:00,OLT-OESTE-05,-19.67,234.8,UP
2026-03-26 14:00:00,OLT-CENTRO-01,-20.33,414.7,UP
2026-03-26 14:00:00,OLT-NORTE-02,-21.99,294.9,UP
2026-03-26 14:00:00,OLT-SUL-03,-25.98,339.4,UP
2026-03-26 14:00:00,OLT-LESTE-04,-23.31,200.0,UP
2026-03-26 14:00:00,OLT-OESTE-05,-19.5,227.5,UP
2026-03-26 15:00:00,OLT-CENTRO-01,-20.38,486.0,UP
2026-03-26 15:00:00,OLT-NORTE-02,-21.66,340.3,UP
2026-03-26 15:00:00,OLT-SUL-03,-26.03,326.9,UP
2026-03-26 15:00:00,OLT-LESTE-04,-23.48,208.5,UP
2026-03-26 15:00:00,OLT-OESTE-05,-19.79,265.0,UP
2026-03-26 16:00:00,OLT-CENTRO-01,-20.5,488.2,UP
2026-03-26 16:00:00,OLT-NORTE-02,-21.98,335.4,UP
2026-03-26 16:00:00,OLT-SUL-03,-25.49,346.5,UP
2026-03-26 16:00:00,OLT-LESTE-04,-23.56,233.2,UP
2026-03-26 16:00:00,OLT-OESTE-05,-19.31,287.0,UP
2026-03-26 17:00:00,OLT-CENTRO-01,-20.23,587.4,UP
2026-03-26 17:00:00,OLT-NORTE-02,-21.75,390.8,UP
2026-03-26 17:00:00,OLT-SUL-03,-25.71,433.9,UP
2026-03-26 17:00:00,OLT-LESTE-04,-23.1,287.7,UP
2026-03-26 17:00:00,OLT-OESTE-05,-19.46,310.2,UP
2026-03-26 18:00:00,OLT-CENTRO-01,-20.26,696.4,UP
2026-03-26 18:00:00,OLT-NORTE-02,-21.92,437.4,UP
2026-03-26 18:00:00,OLT-SUL-03,-25.86,520.7,UP
2026-03-26 18:00:00,OLT-LESTE-04,-23.21,327.9,UP
2026-03-26 18:00:00,OLT-OESTE-05,-19.74,359.5,UP
2026-03-26 19:00:00,OLT-CENTRO-01,-20.22,738.1,UP
2026-03-26 19:00:00,OLT-NORTE-02,-21.74,514.2,UP
2026-03-26 19:00:00,OLT-SUL-03,-25.71,582.1,UP
2026-03-26 19:00:00,OLT-LESTE-04,-23.18,326.1,UP
2026-03-26 19:00:00,OLT-OESTE-05,-19.8,416.7,UP
2026-03-26 20:00:00,OLT-CENTRO-01,-20.68,866.5,UP
2026-03-26 20:00:00,OLT-NORTE-02,-21.55,574.0,UP
2026-03-26 20:00:00,OLT-SUL-03,-25.77,562.5,UP
2026-03-26 20:00:00,OLT-LESTE-04,-23.54,336.1,UP
2026-03-26 20:00:00,OLT-OESTE-05,-19.4,447.9,UP
2026-03-26 21:00:00,OLT-CENTRO-01,-20.47,795.9,UP
2026-03-26 21:00:00,OLT-NORTE-02,-21.52,570.8,UP
2026-03-26 21:00:00,OLT-SUL-03,-25.93,552.9,UP
2026-03-26 21:00:00,OLT-LESTE-04,-23.27,365.2,UP
2026-03-26 21:00:00,OLT-OESTE-05,-19.44,408.1,UP
2026-03-26 22:00:00,OLT-CENTRO-01,-20.36,639.1,UP
2026-03-26 22:00:00,OLT-NORTE-02,-21.69,494.4,UP
2026-03-26 22:00:00,OLT-SUL-03,-25.96,544.0,UP
2026-03-26 22:00:00,OLT-LESTE-04,-23.18,320.7,UP
2026-03-26 22:00:00,OLT-OESTE-05,-19.55,371.4,UP
2026-03-26 23:00:00,OLT-CENTRO-01,-20.39,527.9,UP
2026-03-26 23:00:00,OLT-NORTE-02,-21.75,297.1,UP
2026-03-26 23:00:00,OLT-SUL-03,-25.96,381.2,UP
2026-03-26 23:00:00,OLT-LESTE-04,-23.27,230.9,UP
2026-03-26 23:00:00,OLT-OESTE-05,-19.51,256.1,UP
2026-03-27 00:00:00,OLT-CENTRO-01,-20.69,313.6,UP
2026-03-27 00:00:00,OLT-NORTE-02,-21.77,192.8,UP
2026-03-27 00:00:00,OLT-SUL-03,-25.91,219.3,UP
2026-03-27 00:00:00,OLT-LESTE-04,-23.61,136.5,UP
2026-03-27 00:00:00,OLT-OESTE-05,-19.62,146.3,UP
2026-03-27 01:00:00,OLT-CENTRO-01,-20.33,200.4,UP
2026-03-27 01:00:00,OLT-NORTE-02,-21.56,144.8,UP
2026-03-27 01:00:00,OLT-SUL-03,-25.8,147.6,UP
2026-03-27 01:00:00,OLT-LESTE-04,-23.48,98.1,UP
2026-03-27 01:00:00,OLT-OESTE-05,-19.34,111.6,UP
2026-03-27 02:00:00,OLT-CENTRO-01,-20.79,154.2,UP
2026-03-27 02:00:00,OLT-NORTE-02,-21.69,91.8,UP
2026-03-27 02:00:00,OLT-SUL-03,-26.04,106.5,UP
2026-03-27 02:00:00,OLT-LESTE-04,-23.23,72.3,UP
2026-03-27 02:00:00,OLT-OESTE-05,-19.61,82.8,UP
2026-03-27 03:00:00,OLT-CENTRO-01,-20.52,122.0,UP
2026-03-27 03:00:00,OLT-NORTE-02,-21.99,72.3,UP
2026-03-27 03:00:00,OLT-SUL-03,-26.08,93.9,UP
2026-03-27 03:00:00,OLT-LESTE-04,-23.67,56.5,UP
2026-03-27 03:00:00,OLT-OESTE-05,-19.63,64.8,UP
2026-03-27 04:00:00,OLT-CENTRO-01,-20.28,92.4,UP
2026-03-27 04:00:00,OLT-NORTE-02,-21.78,63.1,UP
2026-03-27 04:00:00,OLT-SUL-03,-26.03,77.0,UP
2026-03-27 04:00:00,OLT-LESTE-04,-23.35,42.0,UP
2026-03-27 04:00:00,OLT-OESTE-05,-19.39,52.4,UP
2026-03-27 05:00:00,OLT-CENTRO-01,-20.26,100.0,UP
2026-03-27 05:00:00,OLT-NORTE-02,-21.86,76.0,UP
2026-03-27 05:00:00,OLT-SUL-03,-25.68,78.1,UP
2026-03-27 05:00:00,OLT-LESTE-04,-23.56,47.5,UP
2026-03-27 05:00:00,OLT-OESTE-05,-19.6,63.8,UP
2026-03-27 06:00:00,OLT-CENTRO-01,-20.34,172.2,UP
2026-03-27 06:00:00,OLT-NORTE-02,-21.75,115.5,UP
2026-03-27 06:00:00,OLT-SUL-03,-25.78,121.2,UP
2026-03-27 06:00:00,OLT-LESTE-04,-23.42,78.6,UP
2026-03-27 06:00:00,OLT-OESTE-05,-19.32,84.4,UP
2026-03-27 07:00:00,OLT-CENTRO-01,-20.73,256.8,UP
2026-03-27 07:00:00,OLT-NORTE-02,-21.94,161.9,UP
2026-03-27 07:00:00,OLT-SUL-03,-25.83,189.4,UP
2026-03-27 07:00:00,OLT-LESTE-04,-23.42,125.4,UP
2026-03-27 07:00:00,OLT-OESTE-05,-19.83,126.6,UP
2026-03-27 08:00:00,OLT-CENTRO-01,-20.28,344.1,UP
2026-03-27 08:00:00,OLT-NORTE-02,-22.08,224.6,UP
2026-03-27 08:00:00,OLT-SUL-03,-26.09,224.7,UP
2026-03-27 08:00:00,OLT-LESTE-04,-23.51,153.5,UP
2026-03-27 08:00:00,OLT-OESTE-05,-19.5,196.3,UP
2026-03-27 09:00:00,OLT-CENTRO-01,-20.72,395.2,UP
2026-03-27 09:00:00,OLT-NORTE-02,-21.98,221.1,UP
2026-03-27 09:00:00,OLT-SUL-03,-26.16,285.1,UP
2026-03-27 09:00:00,OLT-LESTE-04,-23.51,168.3,UP
2026-03-27 09:00:00,OLT-OESTE-05,-19.56,203.0,UP
2026-03-27 10:00:00,OLT-CENTRO-01,-20.69,448.9,UP
2026-03-27 10:00:00,OLT-NORTE-02,-21.75,243.4,UP
2026-03-27 10:00:00,OLT-SUL-03,-26.12,279.8,UP
2026-03-27 10:00:00,OLT-LESTE-04,-23.19,202.4,UP
2026-03-27 10:00:00,OLT-OESTE-05,-19.6,235.2,UP
2026-03-27 11:00:00,OLT-CENTRO-01,-20.46,422.6,UP
2026-03-27 11:00:00,OLT-NORTE-02,-21.7,289.1,UP
2026-03-27 11:00:00,OLT-SUL-03,-26.07,368.2,UP
2026-03-27 11:00:00,OLT-LESTE-04,-23.32,226.3,UP
2026-03-27 11:00:00,OLT-OESTE-05,-19.46,251.9,UP
2026-03-27 12:00:00,OLT-CENTRO-01,-20.34,448.3,UP
2026-03-27 12:00:00,OLT-NORTE-02,-21.97,343.0,UP
2026-03-27 12:00:00,OLT-SUL-03,-25.83,367.6,UP
2026-03-27 12:00:00,OLT-LESTE-04,-23.52,219.7,UP
2026-03-27 12:00:00,OLT-OESTE-05,,0.0,DOWN
2026-03-27 13:00:00,OLT-CENTRO-01,-20.69,461.2,UP
2026-03-27 13:00:00,OLT-NORTE-02,-21.75,325.1,UP
2026-03-27 13:00:00,OLT-SUL-03,-25.6,353.8,UP
2026-03-27 13:00:00,OLT-LESTE-04,-23.62,209.2,UP
2026-03-27 13:00:00,OLT-OESTE-05,-19.32,237.0,UP
2026-03-27 14:00:00,OLT-CENTRO-01,-20.69,482.4,UP
2026-03-27 14:00:00,OLT-NORTE-02,-21.72,303.3,UP
2026-03-27 14:00:00,OLT-SUL-03,-26.03,335.3,UP
2026-03-27 14:00:00,OLT-LESTE-04,-23.32,210.0,UP
2026-03-27 14:00:00,OLT-OESTE-05,-19.52,270.0,UP
2026-03-27 15:00:00,OLT-CENTRO-01,-20.58,466.1,UP
2026-03-27 15:00:00,OLT-NORTE-02,-22.09,335.2,UP
2026-03-27 15:00:00,OLT-SUL-03,-26.04,338.9,UP
2026-03-27 15:00:00,OLT-LESTE-04,-23.55,206.9,UP
2026-03-27 15:00:00,OLT-OESTE-05,-19.51,236.5,UP
2026-03-27 16:00:00,OLT-CENTRO-01,-20.5,542.0,UP
2026-03-27 16:00:00,OLT-NORTE-02,-22.09,365.7,UP
2026-03-27 16:00:00,OLT-SUL-03,-25.73,367.1,UP
2026-03-27 16:00:00,OLT-LESTE-04,-23.7,217.0,UP
2026-03-27 16:00:00,OLT-OESTE-05,-19.4,257.5,UP
2026-03-27 17:00:00,OLT-CENTRO-01,-20.33,521.4,UP
2026-03-27 17:00:00,OLT-NORTE-02,-21.69,365.5,UP
2026-03-27 17:00:00,OLT-SUL-03,-26.0,438.3,UP
2026-03-27 17:00:00,OLT-LESTE-04,-23.66,246.2,UP
2026-03-27 17:00:00,OLT-OESTE-05,-19.47,337.4,UP
2026-03-27 18:00:00,OLT-CENTRO-01,-20.59,659.5,UP
2026-03-27 18:00:00,OLT-NORTE-02,-21.8,424.0,UP
2026-03-27 18:00:00,OLT-SUL-03,-25.85,468.8,UP
2026-03-27 18:00:00,OLT-LESTE-04,-23.52,327.1,UP
2026-03-27 18:00:00,OLT-OESTE-05,-19.56,349.2,UP
2026-03-27 19:00:00,OLT-CENTRO-01,-20.67,674.9,UP
2026-03-27 19:00:00,OLT-NORTE-02,-21.61,499.7,UP
2026-03-27 19:00:00,OLT-SUL-03,-26.06,494.8,UP
2026-03-27 19:00:00,OLT-LESTE-04,-23.35,342.0,UP
2026-03-27 19:00:00,OLT-OESTE-05,-19.64,419.4,UP
2026-03-27 20:00:00,OLT-CENTRO-01,-20.61,717.6,UP
2026-03-27 20:00:00,OLT-NORTE-02,-21.66,525.7,UP
2026-03-27 20:00:00,OLT-SUL-03,-26.1,535.9,UP
2026-03-27 20:00:00,OLT-LESTE-04,-23.55,386.5,UP
2026-03-27 20:00:00,OLT-OESTE-05,-19.71,393.2,UP
2026-03-27 21:00:00,OLT-CENTRO-01,-20.65,884.5,UP
2026-03-27 21:00:00,OLT-NORTE-02,-21.7,539.3,UP
2026-03-27 21:00:00,OLT-SUL-03,-26.2,618.2,UP
2026-03-27 21:00:00,OLT-LESTE-04,-23.45,376.9,UP
2026-03-27 21:00:00,OLT-OESTE-05,-19.4,427.2,UP
2026-03-27 22:00:00,OLT-CENTRO-01,-20.7,628.5,UP
2026-03-27 22:00:00,OLT-NORTE-02,-21.89,499.8,UP
2026-03-27 22:00:00,OLT-SUL-03,-25.95,511.0,UP
2026-03-27 22:00:00,OLT-LESTE-04,-23.65,350.6,UP
2026-03-27 22:00:00,OLT-OESTE-05,-19.88,399.5,UP
2026-03-27 23:00:00,OLT-CENTRO-01,-20.23,518.7,UP
2026-03-27 23:00:00,OLT-NORTE-02,-21.82,330.3,UP
2026-03-27 23:00:00,OLT-SUL-03,-26.1,349.6,UP
2026-03-27 23:00:00,OLT-LESTE-04,-23.3,248.2,UP
2026-03-27 23:00:00,OLT-OESTE-05,-19.61,276.6,UP
2026-03-28 00:00:00,OLT-CENTRO-01,-20.4,286.9,UP
2026-03-28 00:00:00,OLT-NORTE-02,-22.03,194.7,UP
2026-03-28 00:00:00,OLT-SUL-03,-26.29,223.1,UP
2026-03-28 00:00:00,OLT-LESTE-04,-23.47,156.2,UP
2026-03-28 00:00:00,OLT-OESTE-05,-19.67,175.1,UP
2026-03-28 01:00:00,OLT-CENTRO-01,-20.49,242.7,UP
2026-03-28 01:00:00,OLT-NORTE-02,-22.06,139.7,UP
2026-03-28 01:00:00,OLT-SUL-03,-26.1,166.5,UP
2026-03-28 01:00:00,OLT-LESTE-04,-23.52,103.3,UP
2026-03-28 01:00:00,OLT-OESTE-05,-19.55,132.0,UP
2026-03-28 02:00:00,OLT-CENTRO-01,-20.59,147.2,UP
2026-03-28 02:00:00,OLT-NORTE-02,-21.8,99.5,UP
2026-03-28 02:00:00,OLT-SUL-03,-26.05,121.7,UP
2026-03-28 02:00:00,OLT-LESTE-04,-23.61,70.2,UP
2026-03-28 02:00:00,OLT-OESTE-05,-19.63,80.8,UP
2026-03-28 03:00:00,OLT-CENTRO-01,-20.71,123.4,UP
2026-03-28 03:00:00,OLT-NORTE-02,-21.58,86.0,UP
2026-03-28 03:00:00,OLT-SUL-03,-25.96,92.8,UP
2026-03-28 03:00:00,OLT-LESTE-04,-23.13,52.7,UP
2026-03-28 03:00:00,OLT-OESTE-05,-19.63,70.7,UP
2026-03-28 04:00:00,OLT-CENTRO-01,-20.69,107.0,UP
2026-03-28 04:00:00,OLT-NORTE-02,-22.06,77.0,UP
2026-03-28 04:00:00,OLT-SUL-03,-25.82,77.3,UP
2026-03-28 04:00:00,OLT-LESTE-04,-23.51,54.5,UP
2026-03-28 04:00:00,OLT-OESTE-05,-19.37,63.2,UP
2026-03-28 05:00:00,OLT-CENTRO-01,-20.21,114.5,UP
2026-03-28 05:00:00,OLT-NORTE-02,-21.67,69.7,UP
2026-03-28 05:00:00,OLT-SUL-03,-25.84,83.2,UP
2026-03-28 05:00:00,OLT-LESTE-04,-23.41,52.0,UP
2026-03-28 05:00:00,OLT-OESTE-05,-19.6,64.9,UP
2026-03-28 06:00:00,OLT-CENTRO-01,-20.67,164.6,UP
2026-03-28 06:00:00,OLT-NORTE-02,-21.84,118.0,UP
2026-03-28 06:00:00,OLT-SUL-03,-26.03,144.1,UP
2026-03-28 06:00:00,OLT-LESTE-04,-23.19,82.7,UP
2026-03-28 06:00:00,OLT-OESTE-05,-19.75,90.8,UP
2026-03-28 07:00:00,OLT-CENTRO-01,-20.68,273.3,UP
2026-03-28 07:00:00,OLT-NORTE-02,-21.71,184.1,UP
2026-03-28 07:00:00,OLT-SUL-03,-25.82,196.2,UP
2026-03-28 07:00:00,OLT-LESTE-04,-23.52,134.5,UP
2026-03-28 07:00:00,OLT-OESTE-05,-19.32,135.9,UP
2026-03-28 08:00:00,OLT-CENTRO-01,-20.27,372.9,UP
2026-03-28 08:00:00,OLT-NORTE-02,-21.88,217.5,UP
2026-03-28 08:00:00,OLT-SUL-03,-26.03,286.7,UP
2026-03-28 08:00:00,OLT-LESTE-04,-23.46,163.0,UP
2026-03-28 08:00:00,OLT-OESTE-05,-19.62,184.7,UP
2026-03-28 09:00:00,OLT-CENTRO-01,-20.28,380.0,UP
2026-03-28 09:00:00,OLT-NORTE-02,-21.52,283.9,UP
2026-03-28 09:00:00,OLT-SUL-03,-26.27,313.2,UP
2026-03-28 09:00:00,OLT-LESTE-04,-23.21,202.0,UP
2026-03-28 09:00:00,OLT-OESTE-05,-19.58,216.3,UP
2026-03-28 10:00:00,OLT-CENTRO-01,-20.47,488.2,UP
2026-03-28 10:00:00,OLT-NORTE-02,-21.78,320.3,UP
2026-03-28 10:00:00,OLT-SUL-03,-25.96,344.3,UP
2026-03-28 10:00:00,OLT-LESTE-04,-23.61,205.6,UP
2026-03-28 10:00:00,OLT-OESTE-05,-19.36,248.7,UP
2026-03-28 11:00:00,OLT-CENTRO-01,-20.21,456.4,UP
2026-03-28 11:00:00,OLT-NORTE-02,-21.95,359.2,UP
2026-03-28 11:00:00,OLT-SUL-03,-26.31,350.4,UP
2026-03-28 11:00:00,OLT-LESTE-04,-23.44,227.4,UP
2026-03-28 11:00:00,OLT-OESTE-05,-19.88,271.7,UP
2026-03-28 12:00:00,OLT-CENTRO-01,-20.35,548.6,UP
2026-03-28 12:00:00,OLT-NORTE-02,-21.74,318.5,UP
2026-03-28 12:00:00,OLT-SUL-03,-26.3,355.4,UP
2026-03-28 12:00:00,OLT-LESTE-04,-23.19,241.1,UP
2026-03-28 12:00:00,OLT-OESTE-05,-19.66,260.8,UP
2026-03-28 13:00:00,OLT-CENTRO-01,-20.39,514.0,UP
2026-03-28 13:00:00,OLT-NORTE-02,-21.76,333.3,UP
2026-03-28 13:00:00,OLT-SUL-03,-25.83,398.4,UP
2026-03-28 13:00:00,OLT-LESTE-04,-23.58,246.8,UP
2026-03-28 13:00:00,OLT-OESTE-05,-19.68,286.3,UP
2026-03-28 14:00:00,OLT-CENTRO-01,-20.71,476.4,UP
2026-03-28 14:00:00,OLT-NORTE-02,-21.54,349.0,UP
2026-03-28 14:00:00,OLT-SUL-03,-25.96,380.4,UP
2026-03-28 14:00:00,OLT-LESTE-04,-23.64,233.7,UP
2026-03-28 14:00:00,OLT-OESTE-05,-19.56,259.1,UP
2026-03-28 15:00:00,OLT-CENTRO-01,-20.27,572.3,UP
2026-03-28 15:00:00,OLT-NORTE-02,-21.81,359.8,UP
2026-03-28 15:00:00,OLT-SUL-03,-25.98,411.2,UP
2026-03-28 15:00:00,OLT-LESTE-04,-23.64,220.4,UP
2026-03-28 15:00:00,OLT-OESTE-05,-19.67,296.7,UP
2026-03-28 16:00:00,OLT-CENTRO-01,-20.28,543.2,UP
2026-03-28 16:00:00,OLT-NORTE-02,-21.57,393.1,UP
2026-03-28 16:00:00,OLT-SUL-03,-25.9,412.4,UP
2026-03-28 16:00:00,OLT-LESTE-04,-23.45,251.3,UP
2026-03-28 16:00:00,OLT-OESTE-05,-19.43,279.1,UP
2026-03-28 17:00:00,OLT-CENTRO-01,-20.59,652.1,UP
2026-03-28 17:00:00,OLT-NORTE-02,-21.61,408.0,UP
2026-03-28 17:00:00,OLT-SUL-03,-25.76,516.2,UP
2026-03-28 17:00:00,OLT-LESTE-04,-23.51,288.8,UP
2026-03-28 17:00:00,OLT-OESTE-05,-19.56,349.8,UP
2026-03-28 18:00:00,OLT-CENTRO-01,-20.52,780.7,UP
2026-03-28 18:00:00,OLT-NORTE-02,-21.61,507.6,UP
2026-03-28 18:00:00,OLT-SUL-03,-25.97,534.3,UP
2026-03-28 18:00:00,OLT-LESTE-04,-23.43,336.7,UP
2026-03-28 18:00:00,OLT-OESTE-05,-19.74,359.0,UP
2026-03-28 19:00:00,OLT-CENTRO-01,-20.47,763.6,UP
2026-03-28 19:00:00,OLT-NORTE-02,-22.06,526.1,UP
2026-03-28 19:00:00,OLT-SUL-03,-26.11,574.8,UP
2026-03-28 19:00:00,OLT-LESTE-04,-23.4,345.6,UP
2026-03-28 19:00:00,OLT-OESTE-05,-19.56,401.5,UP
2026-03-28 20:00:00,OLT-CENTRO-01,-20.21,797.4,UP
2026-03-28 20:00:00,OLT-NORTE-02,-21.71,526.9,UP
2026-03-28 20:00:00,OLT-SUL-03,-25.91,702.6,UP
2026-03-28 20:00:00,OLT-LESTE-04,-23.56,377.6,UP
2026-03-28 20:00:00,OLT-OESTE-05,-19.61,499.9,UP
2026-03-28 21:00:00,OLT-CENTRO-01,-20.73,836.1,UP
2026-03-28 21:00:00,OLT-NORTE-02,-22.03,562.3,UP
2026-03-28 21:00:00,OLT-SUL-03,-26.0,689.8,UP
2026-03-28 21:00:00,OLT-LESTE-04,-23.17,452.5,UP
2026-03-28 21:00:00,OLT-OESTE-05,-19.3,451.9,UP
2026-03-28 22:00:00,OLT-CENTRO-01,-20.35,753.2,UP
2026-03-28 22:00:00,OLT-NORTE-02,-21.89,525.0,UP
2026-03-28 22:00:00,OLT-SUL-03,-25.96,531.3,UP
2026-03-28 22:00:00,OLT-LESTE-04,-23.26,388.7,UP
2026-03-28 22:00:00,OLT-OESTE-05,-19.52,403.5,UP
2026-03-28 23:00:00,OLT-CENTRO-01,-20.71,533.0,UP
2026-03-28 23:00:00,OLT-NORTE-02,-21.64,356.1,UP
2026-03-28 23:00:00,OLT-SUL-03,-26.15,383.3,UP
2026-03-28 23:00:00,OLT-LESTE-04,-23.29,252.6,UP
2026-03-28 23:00:00,OLT-OESTE-05,-19.54,278.2,UP
2026-03-29 00:00:00,OLT-CENTRO-01,-20.57,326.2,UP
2026-03-29 00:00:00,OLT-NORTE-02,-21.99,220.4,UP
2026-03-29 00:00:00,OLT-SUL-03,-26.17,255.2,UP
2026-03-29 00:00:00,OLT-LESTE-04,-23.15,148.6,UP
2026-03-29 00:00:00,OLT-OESTE-05,-19.39,162.6,UP
2026-03-29 01:00:00,OLT-CENTRO-01,-20.4,227.3,UP
2026-03-29 01:00:00,OLT-NORTE-02,-21.84,163.0,UP
2026-03-29 01:00:00,OLT-SUL-03,-26.18,164.6,UP
2026-03-29 01:00:00,OLT-LESTE-04,-23.18,103.0,UP
2026-03-29 01:00:00,OLT-OESTE-05,-19.79,117.2,UP
2026-03-29 02:00:00,OLT-CENTRO-01,-20.48,165.5,UP
2026-03-29 02:00:00,OLT-NORTE-02,-21.91,116.3,UP
2026-03-29 02:00:00,OLT-SUL-03,-26.39,109.6,UP
2026-03-29 02:00:00,OLT-LESTE-04,-23.23,82.1,UP
2026-03-29 02:00:00,OLT-OESTE-05,-19.54,92.7,UP
2026-03-29 03:00:00,OLT-CENTRO-01,-20.23,123.6,UP
2026-03-29 03:00:00,OLT-NORTE-02,-22.02,83.0,UP
2026-03-29 03:00:00,OLT-SUL-03,-26.31,95.9,UP
2026-03-29 03:00:00,OLT-LESTE-04,-23.45,57.3,UP
2026-03-29 03:00:00,OLT-OESTE-05,-19.6,63.2,UP
2026-03-29 04:00:00,OLT-CENTRO-01,-20.48,109.7,UP
2026-03-29 04:00:00,OLT-NORTE-02,-21.91,69.7,UP
2026-03-29 04:00:00,OLT-SUL-03,-26.02,82.7,UP
2026-03-29 04:00:00,OLT-LESTE-04,-23.62,46.1,UP
2026-03-29 04:00:00,OLT-OESTE-05,-19.65,53.8,UP
2026-03-29 05:00:00,OLT-CENTRO-01,-20.57,108.8,UP
2026-03-29 05:00:00,OLT-NORTE-02,-21.9,76.4,UP
2026-03-29 05:00:00,OLT-SUL-03,-26.14,86.1,UP
2026-03-29 05:00:00,OLT-LESTE-04,-23.25,53.4,UP
2026-03-29 05:00:00,OLT-OESTE-05,-19.77,59.6,UP
2026-03-29 06:00:00,OLT-CENTRO-01,-20.41,197.4,UP
2026-03-29 06:00:00,OLT-NORTE-02,-21.61,115.2,UP
2026-03-29 06:00:00,OLT-SUL-03,-26.24,136.1,UP
2026-03-29 06:00:00,OLT-LESTE-04,-23.14,80.4,UP
2026-03-29 06:00:00,OLT-OESTE-05,-19.48,96.9,UP
2026-03-29 07:00:00,OLT-CENTRO-01,-20.56,286.3,UP
2026-03-29 07:00:00,OLT-NORTE-02,-22.01,165.1,UP
2026-03-29 07:00:00,OLT-SUL-03,-26.03,198.8,UP
2026-03-29 07:00:00,OLT-LESTE-04,-23.69,137.6,UP
2026-03-29 07:00:00,OLT-OESTE-05,-19.58,147.7,UP
2026-03-29 08:00:00,OLT-CENTRO-01,-20.23,394.8,UP
2026-03-29 08:00:00,OLT-NORTE-02,-21.97,226.3,UP
2026-03-29 08:00:00,OLT-SUL-03,-26.32,260.1,UP
2026-03-29 08:00:00,OLT-LESTE-04,-23.13,168.9,UP
2026-03-29 08:00:00,OLT-OESTE-05,-19.63,209.7,UP
2026-03-29 09:00:00,OLT-CENTRO-01,-20.53,439.2,UP
2026-03-29 09:00:00,OLT-NORTE-02,-21.84,278.8,UP
2026-03-29 09:00:00,OLT-SUL-03,-26.37,306.5,UP
2026-03-29 09:00:00,OLT-LESTE-04,-23.11,173.8,UP
2026-03-29 09:00:00,OLT-OESTE-05,-19.56,207.3,UP
2026-03-29 10:00:00,OLT-CENTRO-01,-20.55,419.9,UP
2026-03-29 10:00:00,OLT-NORTE-02,-21.75,318.3,UP
2026-03-29 10:00:00,OLT-SUL-03,-26.39,363.0,UP
2026-03-29 10:00:00,OLT-LESTE-04,-23.2,192.3,UP
2026-03-29 10:00:00,OLT-OESTE-05,-19.82,258.7,UP
2026-03-29 11:00:00,OLT-CENTRO-01,-20.32,478.6,UP
2026-03-29 11:00:00,OLT-NORTE-02,-22.06,343.3,UP
2026-03-29 11:00:00,OLT-SUL-03,-26.22,387.0,UP
2026-03-29 11:00:00,OLT-LESTE-04,-23.14,220.3,UP
2026-03-29 11:00:00,OLT-OESTE-05,-19.88,259.9,UP
2026-03-29 12:00:00,OLT-CENTRO-01,-20.59,534.7,UP
2026-03-29 12:00:00,OLT-NORTE-02,-21.78,322.3,UP
2026-03-29 12:00:00,OLT-SUL-03,-26.01,425.5,UP
2026-03-29 12:00:00,OLT-LESTE-04,-23.23,232.7,UP
2026-03-29 12:00:00,OLT-OESTE-05,-19.52,272.6,UP
2026-03-29 13:00:00,OLT-CENTRO-01,-20.26,502.9,UP
2026-03-29 13:00:00,OLT-NORTE-02,-22.0,324.8,UP
2026-03-29 13:00:00,OLT-SUL-03,-26.05,360.9,UP
2026-03-29 13:00:00,OLT-LESTE-04,-23.33,218.8,UP
2026-03-29 13:00:00,OLT-OESTE-05,-19.5,296.5,UP
2026-03-29 14:00:00,OLT-CENTRO-01,-20.54,501.3,UP
2026-03-29 14:00:00,OLT-NORTE-02,-22.04,295.5,UP
2026-03-29 14:00:00,OLT-SUL-03,-25.99,381.1,UP
2026-03-29 14:00:00,OLT-LESTE-04,-23.36,226.0,UP
2026-03-29 14:00:00,OLT-OESTE-05,-19.85,288.3,UP
2026-03-29 15:00:00,OLT-CENTRO-01,-20.31,480.7,UP
2026-03-29 15:00:00,OLT-NORTE-02,-21.82,318.4,UP
2026-03-29 15:00:00,OLT-SUL-03,-26.48,397.6,UP
2026-03-29 15:00:00,OLT-LESTE-04,-23.32,255.2,UP
2026-03-29 15:00:00,OLT-OESTE-05,-19.7,300.2,UP
2026-03-29 16:00:00,OLT-CENTRO-01,-20.46,537.0,UP
2026-03-29 16:00:00,OLT-NORTE-02,-21.55,404.1,UP
2026-03-29 16:00:00,OLT-SUL-03,-26.47,391.9,UP
2026-03-29 16:00:00,OLT-LESTE-04,-23.28,273.6,UP
2026-03-29 16:00:00,OLT-OESTE-05,-19.66,320.5,UP
2026-03-29 17:00:00,OLT-CENTRO-01,-20.37,637.4,UP
2026-03-29 17:00:00,OLT-NORTE-02,-21.99,457.3,UP
2026-03-29 17:00:00,OLT-SUL-03,-26.11,457.8,UP
2026-03-29 17:00:00,OLT-LESTE-04,-23.27,307.0,UP
2026-03-29 17:00:00,OLT-OESTE-05,-19.47,359.4,UP
2026-03-29 18:00:00,OLT-CENTRO-01,-20.35,740.1,UP
2026-03-29 18:00:00,OLT-NORTE-02,-21.54,517.5,UP
2026-03-29 18:00:00,OLT-SUL-03,-26.39,485.0,UP
2026-03-29 18:00:00,OLT-LESTE-04,-23.32,334.9,UP
2026-03-29 18:00:00,OLT-OESTE-05,-19.56,394.3,UP
2026-03-29 19:00:00,OLT-CENTRO-01,-20.39,862.5,UP
2026-03-29 19:00:00,OLT-NORTE-02,-21.98,519.9,UP
2026-03-29 19:00:00,OLT-SUL-03,-26.43,587.3,UP
2026-03-29 19:00:00,OLT-LESTE-04,-23.26,407.9,UP
2026-03-29 19:00:00,OLT-OESTE-05,-19.57,416.0,UP
2026-03-29 20:00:00,OLT-CENTRO-01,-20.25,793.5,UP
2026-03-29 20:00:00,OLT-NORTE-02,-21.77,622.3,UP
2026-03-29 20:00:00,OLT-SUL-03,-26.01,654.1,UP
2026-03-29 20:00:00,OLT-LESTE-04,-23.62,365.2,UP
2026-03-29 20:00:00,OLT-OESTE-05,-19.4,476.7,UP
2026-03-29 21:00:00,OLT-CENTRO-01,-20.58,912.1,UP
2026-03-29 21:00:00,OLT-NORTE-02,-21.54,544.8,UP
2026-03-29 21:00:00,OLT-SUL-03,-25.91,674.4,UP
2026-03-29 21:00:00,OLT-LESTE-04,-23.59,398.4,UP
2026-03-29 21:00:00,OLT-OESTE-05,-19.48,535.1,UP
2026-03-29 22:00:00,OLT-CENTRO-01,-20.26,839.4,UP
2026-03-29 22:00:00,OLT-NORTE-02,-21.55,468.7,UP
2026-03-29 22:00:00,OLT-SUL-03,-26.15,515.6,UP
2026-03-29 22:00:00,OLT-LESTE-04,-23.26,354.7,UP
2026-03-29 22:00:00,OLT-OESTE-05,-19.62,455.2,UP
2026-03-29 23:00:00,OLT-CENTRO-01,-20.65,512.6,UP
2026-03-29 23:00:00,OLT-NORTE-02,-21.73,338.3,UP
2026-03-29 23:00:00,OLT-SUL-03,-26.14,372.5,UP
2026-03-29 23:00:00,OLT-LESTE-04,-23.5,272.5,UP
2026-03-29 23:00:00,OLT-OESTE-05,-19.49,318.2,UP
2026-03-30 00:00:00,OLT-CENTRO-01,-20.62,268.8,UP
2026-03-30 00:00:00,OLT-NORTE-02,-21.87,206.6,UP
2026-03-30 00:00:00,OLT-SUL-03,-26.22,210.0,UP
2026-03-30 00:00:00,OLT-LESTE-04,-23.55,136.5,UP
2026-03-30 00:00:00,OLT-OESTE-05,-19.65,165.8,UP
2026-03-30 01:00:00,OLT-CENTRO-01,-20.57,190.7,UP
2026-03-30 01:00:00,OLT-NORTE-02,-21.87,129.5,UP
2026-03-30 01:00:00,OLT-SUL-03,-26.21,140.5,UP
2026-03-30 01:00:00,OLT-LESTE-04,-23.17,96.8,UP
2026-03-30 01:00:00,OLT-OESTE-05,-19.34,104.9,UP
2026-03-30 02:00:00,OLT-CENTRO-01,-20.52,156.3,UP
2026-03-30 02:00:00,OLT-NORTE-02,-21.62,98.8,UP
2026-03-30 02:00:00,OLT-SUL-03,-26.47,106.0,UP
2026-03-30 02:00:00,OLT-LESTE-04,-23.23,74.1,UP
2026-03-30 02:00:00,OLT-OESTE-05,,0.0,DOWN
2026-03-30 03:00:00,OLT-CENTRO-01,-20.77,122.7,UP
2026-03-30 03:00:00,OLT-NORTE-02,-21.97,74.1,UP
2026-03-30 03:00:00,OLT-SUL-03,-26.41,93.5,UP
2026-03-30 03:00:00,OLT-LESTE-04,-23.53,52.6,UP
2026-03-30 03:00:00,OLT-OESTE-05,-19.36,67.9,UP
2026-03-30 04:00:00,OLT-CENTRO-01,-20.64,98.6,UP
2026-03-30 04:00:00,OLT-NORTE-02,-22.04,64.0,UP
2026-03-30 04:00:00,OLT-SUL-03,-26.15,69.4,UP
2026-03-30 04:00:00,OLT-LESTE-04,-23.25,47.8,UP
2026-03-30 04:00:00,OLT-OESTE-05,-19.3,58.0,UP
2026-03-30 05:00:00,OLT-CENTRO-01,-20.38,97.9,UP
2026-03-30 05:00:00,OLT-NORTE-02,-21.98,73.0,UP
2026-03-30 05:00:00,OLT-SUL-03,-26.57,80.7,UP
2026-03-30 05:00:00,OLT-LESTE-04,-23.1,45.0,UP
2026-03-30 05:00:00,OLT-OESTE-05,-19.7,60.7,UP
2026-03-30 06:00:00,OLT-CENTRO-01,-20.33,170.3,UP
2026-03-30 06:00:00,OLT-NORTE-02,-21.71,114.7,UP
2026-03-30 06:00:00,OLT-SUL-03,-26.6,113.3,UP
2026-03-30 06:00:00,OLT-LESTE-04,-23.55,73.0,UP
2026-03-30 06:00:00,OLT-OESTE-05,-19.75,83.9,UP
2026-03-30 07:00:00,OLT-CENTRO-01,-20.33,234.4,UP
2026-03-30 07:00:00,OLT-NORTE-02,-21.92,169.3,UP
2026-03-30 07:00:00,OLT-SUL-03,-26.1,170.6,UP
2026-03-30 07:00:00,OLT-LESTE-04,-23.34,124.6,UP
2026-03-30 07:00:00,OLT-OESTE-05,-19.33,143.8,UP
2026-03-30 08:00:00,OLT-CENTRO-01,-20.42,345.0,UP
2026-03-30 08:00:00,OLT-NORTE-02,-21.81,217.1,UP
2026-03-30 08:00:00,OLT-SUL-03,-26.11,249.4,UP
2026-03-30 08:00:00,OLT-LESTE-04,-23.3,138.3,UP
2026-03-30 08:00:00,OLT-OESTE-05,-19.74,176.3,UP
2026-03-30 09:00:00,OLT-CENTRO-01,-20.37,348.4,UP
2026-03-30 09:00:00,OLT-NORTE-02,-21.56,220.7,UP
2026-03-30 09:00:00,OLT-SUL-03,-26.55,250.4,UP
2026-03-30 09:00:00,OLT-LESTE-04,-23.24,172.4,UP
2026-03-30 09:00:00,OLT-OESTE-05,-19.55,199.8,UP
2026-03-30 10:00:00,OLT-CENTRO-01,-20.46,399.2,UP
2026-03-30 10:00:00,OLT-NORTE-02,-22.03,273.1,UP
2026-03-30 10:00:00,OLT-SUL-03,-26.62,310.8,UP
2026-03-30 10:00:00,OLT-LESTE-04,-23.15,191.7,UP
2026-03-30 10:00:00,OLT-OESTE-05,-19.76,238.1,UP
2026-03-30 11:00:00,OLT-CENTRO-01,-20.28,477.2,UP
2026-03-30 11:00:00,OLT-NORTE-02,-21.76,288.1,UP
2026-03-30 11:00:00,OLT-SUL-03,-26.62,341.5,UP
2026-03-30 11:00:00,OLT-LESTE-04,-23.52,206.1,UP
2026-03-30 11:00:00,OLT-OESTE-05,-19.72,255.6,UP
2026-03-30 12:00:00,OLT-CENTRO-01,-20.21,439.8,UP
2026-03-30 12:00:00,OLT-NORTE-02,-21.52,320.3,UP
2026-03-30 12:00:00,OLT-SUL-03,-26.18,385.2,UP
2026-03-30 12:00:00,OLT-LESTE-04,-23.2,228.6,UP
2026-03-30 12:00:00,OLT-OESTE-05,-19.69,238.6,UP
2026-03-30 13:00:00,OLT-CENTRO-01,-20.45,437.9,UP
2026-03-30 13:00:00,OLT-NORTE-02,-21.58,272.6,UP
2026-03-30 13:00:00,OLT-SUL-03,-26.31,338.0,UP
2026-03-30 13:00:00,OLT-LESTE-04,-23.45,222.9,UP
2026-03-30 13:00:00,OLT-OESTE-05,-19.61,228.6,UP
2026-03-30 14:00:00,OLT-CENTRO-01,-20.39,440.6,UP
2026-03-30 14:00:00,OLT-NORTE-02,-21.91,310.3,UP
2026-03-30 14:00:00,OLT-SUL-03,-26.3,363.0,UP
2026-03-30 14:00:00,OLT-LESTE-04,-23.1,227.0,UP
2026-03-30 14:00:00,OLT-OESTE-05,-19.47,227.7,UP
2026-03-30 15:00:00,OLT-CENTRO-01,-20.76,480.4,UP
2026-03-30 15:00:00,OLT-NORTE-02,-21.96,324.6,UP
2026-03-30 15:00:00,OLT-SUL-03,-26.57,368.1,UP
2026-03-30 15:00:00,OLT-LESTE-04,-23.36,205.1,UP
2026-03-30 15:00:00,OLT-OESTE-05,-19.41,235.3,UP
2026-03-30 16:00:00,OLT-CENTRO-01,-20.66,486.2,UP
2026-03-30 16:00:00,OLT-NORTE-02,-21.99,311.7,UP
2026-03-30 16:00:00,OLT-SUL-03,-26.52,373.1,UP
2026-03-30 16:00:00,OLT-LESTE-04,-23.46,252.3,UP
2026-03-30 16:00:00,OLT-OESTE-05,-19.57,258.2,UP
2026-03-30 17:00:00,OLT-CENTRO-01,-20.33,603.1,UP
2026-03-30 17:00:00,OLT-NORTE-02,-21.77,407.6,UP
2026-03-30 17:00:00,OLT-SUL-03,-26.6,461.0,UP
2026-03-30 17:00:00,OLT-LESTE-04,-23.54,282.6,UP
2026-03-30 17:00:00,OLT-OESTE-05,-19.8,310.3,UP
2026-03-30 18:00:00,OLT-CENTRO-01,-20.5,601.5,UP
2026-03-30 18:00:00,OLT-NORTE-02,-21.69,409.7,UP
2026-03-30 18:00:00,OLT-SUL-03,-26.35,448.7,UP
2026-03-30 18:00:00,OLT-LESTE-04,-23.3,278.1,UP
2026-03-30 18:00:00,OLT-OESTE-05,-19.71,329.3,UP
2026-03-30 19:00:00,OLT-CENTRO-01,-20.26,748.4,UP
2026-03-30 19:00:00,OLT-NORTE-02,-22.03,481.6,UP
2026-03-30 19:00:00,OLT-SUL-03,-26.16,518.6,UP
2026-03-30 19:00:00,OLT-LESTE-04,-23.59,337.5,UP
2026-03-30 19:00:00,OLT-OESTE-05,-19.53,431.6,UP
2026-03-30 20:00:00,OLT-CENTRO-01,-20.34,725.5,UP
2026-03-30 20:00:00,OLT-NORTE-02,-21.92,552.7,UP
2026-03-30 20:00:00,OLT-SUL-03,-26.42,563.7,UP
2026-03-30 20:00:00,OLT-LESTE-04,-23.47,334.8,UP
2026-03-30 20:00:00,OLT-OESTE-05,-19.59,446.5,UP
2026-03-30 21:00:00,OLT-CENTRO-01,-20.49,897.9,UP
2026-03-30 21:00:00,OLT-NORTE-02,-21.67,576.8,UP
2026-03-30 21:00:00,OLT-SUL-03,-26.6,602.1,UP
2026-03-30 21:00:00,OLT-LESTE-04,-23.65,372.1,UP
2026-03-30 21:00:00,OLT-OESTE-05,-19.67,451.3,UP
2026-03-30 22:00:00,OLT-CENTRO-01,-20.69,637.9,UP
2026-03-30 22:00:00,OLT-NORTE-02,-21.84,426.1,UP
2026-03-30 22:00:00,OLT-SUL-03,-26.64,519.8,UP
2026-03-30 22:00:00,OLT-LESTE-04,-23.66,303.0,UP
2026-03-30 22:00:00,OLT-OESTE-05,-19.36,415.6,UP
2026-03-30 23:00:00,OLT-CENTRO-01,-20.33,466.1,UP
2026-03-30 23:00:00,OLT-NORTE-02,-21.92,329.3,UP
2026-03-30 23:00:00,OLT-SUL-03,-26.08,401.8,UP
2026-03-30 23:00:00,OLT-LESTE-04,-23.57,250.3,UP
2026-03-30 23:00:00,OLT-OESTE-05,-19.53,247.4,UP
2026-03-31 00:00:00,OLT-CENTRO-01,-20.38,308.6,UP
2026-03-31 00:00:00,OLT-NORTE-02,-21.55,205.2,UP
2026-03-31 00:00:00,OLT-SUL-03,-26.73,199.4,UP
2026-03-31 00:00:00,OLT-LESTE-04,-23.45,138.2,UP
2026-03-31 00:00:00,OLT-OESTE-05,-19.83,155.0,UP
2026-03-31 01:00:00,OLT-CENTRO-01,-20.32,190.1,UP
2026-03-31 01:00:00,OLT-NORTE-02,-21.98,136.9,UP
2026-03-31 01:00:00,OLT-SUL-03,-26.29,149.6,UP
2026-03-31 01:00:00,OLT-LESTE-04,-23.2,98.3,UP
2026-03-31 01:00:00,OLT-OESTE-05,-19.32,123.7,UP
2026-03-31 02:00:00,OLT-CENTRO-01,-20.36,155.5,UP
2026-03-31 02:00:00,OLT-NORTE-02,-21.52,88.5,UP
2026-03-31 02:00:00,OLT-SUL-03,-26.73,109.0,UP
2026-03-31 02:00:00,OLT-LESTE-04,-23.3,62.0,UP
2026-03-31 02:00:00,OLT-OESTE-05,-19.83,77.9,UP
2026-03-31 03:00:00,OLT-CENTRO-01,-20.7,115.2,UP
2026-03-31 03:00:00,OLT-NORTE-02,-21.8,73.6,UP
2026-03-31 03:00:00,OLT-SUL-03,-26.21,90.7,UP
2026-03-31 03:00:00,OLT-LESTE-04,-23.48,55.9,UP
2026-03-31 03:00:00,OLT-OESTE-05,-19.58,63.8,UP
2026-03-31 04:00:00,OLT-CENTRO-01,-20.42,97.2,UP
2026-03-31 04:00:00,OLT-NORTE-02,-21.57,68.0,UP
2026-03-31 04:00:00,OLT-SUL-03,-26.48,70.4,UP
2026-03-31 04:00:00,OLT-LESTE-04,-23.36,46.9,UP
2026-03-31 04:00:00,OLT-OESTE-05,-19.8,58.8,UP
2026-03-31 05:00:00,OLT-CENTRO-01,-20.32,97.3,UP
2026-03-31 05:00:00,OLT-NORTE-02,-22.01,74.1,UP
2026-03-31 05:00:00,OLT-SUL-03,-26.32,73.1,UP
2026-03-31 05:00:00,OLT-LESTE-04,-23.17,44.9,UP
2026-03-31 05:00:00,OLT-OESTE-05,-19.34,63.1,UP
2026-03-31 06:00:00,OLT-CENTRO-01,-20.63,159.3,UP
2026-03-31 06:00:00,OLT-NORTE-02,-21.79,102.6,UP
2026-03-31 06:00:00,OLT-SUL-03,-26.8,116.3,UP
2026-03-31 06:00:00,OLT-LESTE-04,-23.16,81.0,UP
2026-03-31 06:00:00,OLT-OESTE-05,-19.37,95.9,UP
2026-03-31 07:00:00,OLT-CENTRO-01,-20.57,260.8,UP
2026-03-31 07:00:00,OLT-NORTE-02,-21.53,163.2,UP
2026-03-31 07:00:00,OLT-SUL-03,-26.55,166.5,UP
2026-03-31 07:00:00,OLT-LESTE-04,-23.27,116.6,UP
2026-03-31 07:00:00,OLT-OESTE-05,-19.78,140.2,UP
2026-03-31 08:00:00,OLT-CENTRO-01,-20.21,346.5,UP
2026-03-31 08:00:00,OLT-NORTE-02,-21.79,208.3,UP
2026-03-31 08:00:00,OLT-SUL-03,-26.34,266.0,UP
2026-03-31 08:00:00,OLT-LESTE-04,-23.2,142.6,UP
2026-03-31 08:00:00,OLT-OESTE-05,-19.77,177.1,UP
2026-03-31 09:00:00,OLT-CENTRO-01,-20.2,336.6,UP
2026-03-31 09:00:00,OLT-NORTE-02,-21.65,220.3,UP
2026-03-31 09:00:00,OLT-SUL-03,-26.49,280.0,UP
2026-03-31 09:00:00,OLT-LESTE-04,-23.17,156.0,UP
2026-03-31 09:00:00,OLT-OESTE-05,-19.87,193.4,UP
2026-03-31 10:00:00,OLT-CENTRO-01,-20.57,411.1,UP
2026-03-31 10:00:00,OLT-NORTE-02,-21.75,243.8,UP
2026-03-31 10:00:00,OLT-SUL-03,-26.25,306.7,UP
2026-03-31 10:00:00,OLT-LESTE-04,-23.15,184.6,UP
2026-03-31 10:00:00,OLT-OESTE-05,-19.85,209.1,UP
2026-03-31 11:00:00,OLT-CENTRO-01,-20.5,489.9,UP
2026-03-31 11:00:00,OLT-NORTE-02,-21.58,268.5,UP
2026-03-31 11:00:00,OLT-SUL-03,-26.28,350.5,UP
2026-03-31 11:00:00,OLT-LESTE-04,-23.19,213.2,UP
2026-03-31 11:00:00,OLT-OESTE-05,-19.44,250.1,UP
2026-03-31 12:00:00,OLT-CENTRO-01,-20.42,485.8,UP
2026-03-31 12:00:00,OLT-NORTE-02,-22.0,297.4,UP
2026-03-31 12:00:00,OLT-SUL-03,-26.38,381.3,UP
2026-03-31 12:00:00,OLT-LESTE-04,-23.36,205.0,UP
2026-03-31 12:00:00,OLT-OESTE-05,-19.49,265.6,UP
2026-03-31 13:00:00,OLT-CENTRO-01,-20.51,459.2,UP
2026-03-31 13:00:00,OLT-NORTE-02,-21.51,301.6,UP
2026-03-31 13:00:00,OLT-SUL-03,-26.48,347.9,UP
2026-03-31 13:00:00,OLT-LESTE-04,-23.45,228.8,UP
2026-03-31 13:00:00,OLT-OESTE-05,-19.89,271.8,UP
2026-03-31 14:00:00,OLT-CENTRO-01,-20.68,491.6,UP
2026-03-31 14:00:00,OLT-NORTE-02,-21.64,299.5,UP
2026-03-31 14:00:00,OLT-SUL-03,-26.63,346.1,UP
2026-03-31 14:00:00,OLT-LESTE-04,-23.21,222.6,UP
2026-03-31 14:00:00,OLT-OESTE-05,-19.33,245.4,UP
2026-03-31 15:00:00,OLT-CENTRO-01,-20.36,516.8,UP
2026-03-31 15:00:00,OLT-NORTE-02,-21.51,328.8,UP
2026-03-31 15:00:00,OLT-SUL-03,-26.54,347.1,UP
2026-03-31 15:00:00,OLT-LESTE-04,-23.55,208.5,UP
2026-03-31 15:00:00,OLT-OESTE-05,-19.68,283.7,UP
2026-03-31 16:00:00,OLT-CENTRO-01,-20.3,519.5,UP
2026-03-31 16:00:00,OLT-NORTE-02,-21.96,349.1,UP
2026-03-31 16:00:00,OLT-SUL-03,-26.33,380.2,UP
2026-03-31 16:00:00,OLT-LESTE-04,-23.68,239.8,UP
2026-03-31 16:00:00,OLT-OESTE-05,-19.35,294.9,UP
2026-03-31 17:00:00,OLT-CENTRO-01,-20.73,605.5,UP
2026-03-31 17:00:00,OLT-NORTE-02,-21.51,403.1,UP
2026-03-31 17:00:00,OLT-SUL-03,-26.49,441.7,UP
2026-03-31 17:00:00,OLT-LESTE-04,-23.37,246.9,UP
2026-03-31 17:00:00,OLT-OESTE-05,-19.67,342.5,UP
2026-03-31 18:00:00,OLT-CENTRO-01,-20.71,637.8,UP
2026-03-31 18:00:00,OLT-NORTE-02,-22.06,449.5,UP
2026-03-31 18:00:00,OLT-SUL-03,-26.31,502.0,UP
2026-03-31 18:00:00,OLT-LESTE-04,-23.6,278.5,UP
2026-03-31 18:00:00,OLT-OESTE-05,-19.45,367.7,UP
2026-03-31 19:00:00,OLT-CENTRO-01,-20.38,790.8,UP
2026-03-31 19:00:00,OLT-NORTE-02,-22.03,518.8,UP
2026-03-31 19:00:00,OLT-SUL-03,-26.53,588.4,UP
2026-03-31 19:00:00,OLT-LESTE-04,-23.44,366.9,UP
2026-03-31 19:00:00,OLT-OESTE-05,-19.73,370.3,UP
2026-03-31 20:00:00,OLT-CENTRO-01,-20.61,761.1,UP
2026-03-31 20:00:00,OLT-NORTE-02,-21.6,535.7,UP
2026-03-31 20:00:00,OLT-SUL-03,-26.64,622.7,UP
2026-03-31 20:00:00,OLT-LESTE-04,-23.35,393.3,UP
2026-03-31 20:00:00,OLT-OESTE-05,-19.68,473.6,UP
2026-03-31 21:00:00,OLT-CENTRO-01,-20.61,835.0,UP
2026-03-31 21:00:00,OLT-NORTE-02,-21.52,548.2,UP
2026-03-31 21:00:00,OLT-SUL-03,-26.63,651.5,UP
2026-03-31 21:00:00,OLT-LESTE-04,-23.37,351.3,UP
2026-03-31 21:00:00,OLT-OESTE-05,-19.37,491.0,UP
2026-03-31 22:00:00,OLT-CENTRO-01,-20.71,674.2,UP
2026-03-31 22:00:00,OLT-NORTE-02,-21.64,414.2,UP
2026-03-31 22:00:00,OLT-SUL-03,-26.49,557.6,UP
2026-03-31 22:00:00,OLT-LESTE-04,-23.24,299.6,UP
2026-03-31 22:00:00,OLT-OESTE-05,-19.41,397.6,UP
2026-03-31 23:00:00,OLT-CENTRO-01,-20.57,474.5,UP
2026-03-31 23:00:00,OLT-NORTE-02,-21.55,296.4,UP
2026-03-31 23:00:00,OLT-SUL-03,-26.34,350.4,UP
2026-03-31 23:00:00,OLT-LESTE-04,-23.35,229.0,UP
2026-03-31 23:00:00,OLT-OESTE-05,-19.48,255.7,UP
